"year","variable","ensemble","model","experiment","value"
1850,"heatflux","r1i1p1","bcc-csm1-1","esmHistorical",0.592644244432449
1851,"heatflux","r1i1p1","bcc-csm1-1","esmHistorical",0.750255544980367
1852,"heatflux","r1i1p1","bcc-csm1-1","esmHistorical",0.309087912241618
1853,"heatflux","r1i1p1","bcc-csm1-1","esmHistorical",0.700794100761414
1854,"heatflux","r1i1p1","bcc-csm1-1","esmHistorical",0.881771107514699
1855,"heatflux","r1i1p1","bcc-csm1-1","esmHistorical",0.422506372133891
1856,"heatflux","r1i1p1","bcc-csm1-1","esmHistorical",0.249696413675944
1857,"heatflux","r1i1p1","bcc-csm1-1","esmHistorical",-0.54598613580068
1858,"heatflux","r1i1p1","bcc-csm1-1","esmHistorical",0.580866972605387
1859,"heatflux","r1i1p1","bcc-csm1-1","esmHistorical",0.437045772870382
1860,"heatflux","r1i1p1","bcc-csm1-1","esmHistorical",0.800824920336405
1861,"heatflux","r1i1p1","bcc-csm1-1","esmHistorical",1.34116254250209
1862,"heatflux","r1i1p1","bcc-csm1-1","esmHistorical",0.904878298441569
1863,"heatflux","r1i1p1","bcc-csm1-1","esmHistorical",-0.0451291799545288
1864,"heatflux","r1i1p1","bcc-csm1-1","esmHistorical",0.729728142420451
1865,"heatflux","r1i1p1","bcc-csm1-1","esmHistorical",0.368552734454473
1866,"heatflux","r1i1p1","bcc-csm1-1","esmHistorical",0.878325700759888
1867,"heatflux","r1i1p1","bcc-csm1-1","esmHistorical",0.731004476547241
1868,"heatflux","r1i1p1","bcc-csm1-1","esmHistorical",0.594680110613505
1869,"heatflux","r1i1p1","bcc-csm1-1","esmHistorical",0.440938095251719
1870,"heatflux","r1i1p1","bcc-csm1-1","esmHistorical",0.69605420033137
1871,"heatflux","r1i1p1","bcc-csm1-1","esmHistorical",0.650782326857249
1872,"heatflux","r1i1p1","bcc-csm1-1","esmHistorical",0.834022641181946
1873,"heatflux","r1i1p1","bcc-csm1-1","esmHistorical",0.715166330337524
1874,"heatflux","r1i1p1","bcc-csm1-1","esmHistorical",0.548250615596771
1875,"heatflux","r1i1p1","bcc-csm1-1","esmHistorical",0.657718380292257
1876,"heatflux","r1i1p1","bcc-csm1-1","esmHistorical",0.111735910177231
1877,"heatflux","r1i1p1","bcc-csm1-1","esmHistorical",0.969247321287791
1878,"heatflux","r1i1p1","bcc-csm1-1","esmHistorical",0.621296793222427
1879,"heatflux","r1i1p1","bcc-csm1-1","esmHistorical",0.754463404417038
1880,"heatflux","r1i1p1","bcc-csm1-1","esmHistorical",0.682035366694132
1881,"heatflux","r1i1p1","bcc-csm1-1","esmHistorical",1.03160355488459
1882,"heatflux","r1i1p1","bcc-csm1-1","esmHistorical",0.729244669278463
1883,"heatflux","r1i1p1","bcc-csm1-1","esmHistorical",-1.01904722054799
1884,"heatflux","r1i1p1","bcc-csm1-1","esmHistorical",-2.01174384355545
1885,"heatflux","r1i1p1","bcc-csm1-1","esmHistorical",0.0625111361344655
1886,"heatflux","r1i1p1","bcc-csm1-1","esmHistorical",1.64501748730739
1887,"heatflux","r1i1p1","bcc-csm1-1","esmHistorical",0.716520508130391
1888,"heatflux","r1i1p1","bcc-csm1-1","esmHistorical",1.10246862967809
1889,"heatflux","r1i1p1","bcc-csm1-1","esmHistorical",0.805034041404724
1890,"heatflux","r1i1p1","bcc-csm1-1","esmHistorical",-1.20133191347122
1891,"heatflux","r1i1p1","bcc-csm1-1","esmHistorical",-0.285738706588745
1892,"heatflux","r1i1p1","bcc-csm1-1","esmHistorical",1.20455914735794
1893,"heatflux","r1i1p1","bcc-csm1-1","esmHistorical",1.48132961988449
1894,"heatflux","r1i1p1","bcc-csm1-1","esmHistorical",1.1818235317866
1895,"heatflux","r1i1p1","bcc-csm1-1","esmHistorical",1.27786551912626
1896,"heatflux","r1i1p1","bcc-csm1-1","esmHistorical",0.781822244326274
1897,"heatflux","r1i1p1","bcc-csm1-1","esmHistorical",1.05111881097158
1898,"heatflux","r1i1p1","bcc-csm1-1","esmHistorical",0.99567570288976
1899,"heatflux","r1i1p1","bcc-csm1-1","esmHistorical",0.544231792291005
1900,"heatflux","r1i1p1","bcc-csm1-1","esmHistorical",0.935918033123016
1901,"heatflux","r1i1p1","bcc-csm1-1","esmHistorical",1.08765140175819
1902,"heatflux","r1i1p1","bcc-csm1-1","esmHistorical",-0.1167840162913
1903,"heatflux","r1i1p1","bcc-csm1-1","esmHistorical",-1.97415769100189
1904,"heatflux","r1i1p1","bcc-csm1-1","esmHistorical",0.234644691149394
1905,"heatflux","r1i1p1","bcc-csm1-1","esmHistorical",1.1975019176801
1906,"heatflux","r1i1p1","bcc-csm1-1","esmHistorical",1.22187362611294
1907,"heatflux","r1i1p1","bcc-csm1-1","esmHistorical",1.38828638195992
1908,"heatflux","r1i1p1","bcc-csm1-1","esmHistorical",1.17571351925532
1909,"heatflux","r1i1p1","bcc-csm1-1","esmHistorical",1.18772199253241
1910,"heatflux","r1i1p1","bcc-csm1-1","esmHistorical",1.10144897301992
1911,"heatflux","r1i1p1","bcc-csm1-1","esmHistorical",0.955104569594065
1912,"heatflux","r1i1p1","bcc-csm1-1","esmHistorical",0.374729514122009
1913,"heatflux","r1i1p1","bcc-csm1-1","esmHistorical",0.356088958059748
1914,"heatflux","r1i1p1","bcc-csm1-1","esmHistorical",0.896491050720215
1915,"heatflux","r1i1p1","bcc-csm1-1","esmHistorical",1.46816231807073
1916,"heatflux","r1i1p1","bcc-csm1-1","esmHistorical",0.701681613922119
1917,"heatflux","r1i1p1","bcc-csm1-1","esmHistorical",0.720667739709218
1918,"heatflux","r1i1p1","bcc-csm1-1","esmHistorical",0.933355242013931
1919,"heatflux","r1i1p1","bcc-csm1-1","esmHistorical",0.904659728209178
1920,"heatflux","r1i1p1","bcc-csm1-1","esmHistorical",0.904972950617472
1921,"heatflux","r1i1p1","bcc-csm1-1","esmHistorical",0.227389653523763
1922,"heatflux","r1i1p1","bcc-csm1-1","esmHistorical",0.29846602678299
1923,"heatflux","r1i1p1","bcc-csm1-1","esmHistorical",0.937112549940745
1924,"heatflux","r1i1p1","bcc-csm1-1","esmHistorical",0.878100156784058
1925,"heatflux","r1i1p1","bcc-csm1-1","esmHistorical",0.79003927608331
1926,"heatflux","r1i1p1","bcc-csm1-1","esmHistorical",1.06310242414474
1927,"heatflux","r1i1p1","bcc-csm1-1","esmHistorical",0.861102163791656
1928,"heatflux","r1i1p1","bcc-csm1-1","esmHistorical",0.334722797075907
1929,"heatflux","r1i1p1","bcc-csm1-1","esmHistorical",0.335666954517365
1930,"heatflux","r1i1p1","bcc-csm1-1","esmHistorical",0.79322941104571
1931,"heatflux","r1i1p1","bcc-csm1-1","esmHistorical",0.882680495580037
1932,"heatflux","r1i1p1","bcc-csm1-1","esmHistorical",0.430414547522863
1933,"heatflux","r1i1p1","bcc-csm1-1","esmHistorical",0.714425265789032
1934,"heatflux","r1i1p1","bcc-csm1-1","esmHistorical",1.03466735283534
1935,"heatflux","r1i1p1","bcc-csm1-1","esmHistorical",1.21398041645686
1936,"heatflux","r1i1p1","bcc-csm1-1","esmHistorical",0.761843303839366
1937,"heatflux","r1i1p1","bcc-csm1-1","esmHistorical",0.977594090004762
1938,"heatflux","r1i1p1","bcc-csm1-1","esmHistorical",0.939072370529175
1939,"heatflux","r1i1p1","bcc-csm1-1","esmHistorical",0.768559734026591
1940,"heatflux","r1i1p1","bcc-csm1-1","esmHistorical",0.30284188191096
1941,"heatflux","r1i1p1","bcc-csm1-1","esmHistorical",1.3838950296243
1942,"heatflux","r1i1p1","bcc-csm1-1","esmHistorical",1.07116754353046
1943,"heatflux","r1i1p1","bcc-csm1-1","esmHistorical",0.835906326770782
1944,"heatflux","r1i1p1","bcc-csm1-1","esmHistorical",1.10225987434387
1945,"heatflux","r1i1p1","bcc-csm1-1","esmHistorical",0.766337633132935
1946,"heatflux","r1i1p1","bcc-csm1-1","esmHistorical",1.00311855475108
1947,"heatflux","r1i1p1","bcc-csm1-1","esmHistorical",0.895232160886129
1948,"heatflux","r1i1p1","bcc-csm1-1","esmHistorical",0.821792503197988
1949,"heatflux","r1i1p1","bcc-csm1-1","esmHistorical",1.12027378877004
1950,"heatflux","r1i1p1","bcc-csm1-1","esmHistorical",0.567320624987284
1951,"heatflux","r1i1p1","bcc-csm1-1","esmHistorical",0.601144472757975
1952,"heatflux","r1i1p1","bcc-csm1-1","esmHistorical",0.838930487632751
1953,"heatflux","r1i1p1","bcc-csm1-1","esmHistorical",0.955091993014018
1954,"heatflux","r1i1p1","bcc-csm1-1","esmHistorical",1.6128901441892
1955,"heatflux","r1i1p1","bcc-csm1-1","esmHistorical",0.703080614407857
1956,"heatflux","r1i1p1","bcc-csm1-1","esmHistorical",1.54086331526438
1957,"heatflux","r1i1p1","bcc-csm1-1","esmHistorical",1.35222040613492
1958,"heatflux","r1i1p1","bcc-csm1-1","esmHistorical",0.801287611325582
1959,"heatflux","r1i1p1","bcc-csm1-1","esmHistorical",0.723905682563782
1960,"heatflux","r1i1p1","bcc-csm1-1","esmHistorical",0.875876059134801
1961,"heatflux","r1i1p1","bcc-csm1-1","esmHistorical",0.906159579753876
1962,"heatflux","r1i1p1","bcc-csm1-1","esmHistorical",0.947060247262319
1963,"heatflux","r1i1p1","bcc-csm1-1","esmHistorical",-0.95916822552681
1964,"heatflux","r1i1p1","bcc-csm1-1","esmHistorical",-0.201949417591095
1965,"heatflux","r1i1p1","bcc-csm1-1","esmHistorical",0.937176545461019
1966,"heatflux","r1i1p1","bcc-csm1-1","esmHistorical",1.29430001974106
1967,"heatflux","r1i1p1","bcc-csm1-1","esmHistorical",1.35723149776459
1968,"heatflux","r1i1p1","bcc-csm1-1","esmHistorical",1.02054913838704
1969,"heatflux","r1i1p1","bcc-csm1-1","esmHistorical",1.32976184040308
1970,"heatflux","r1i1p1","bcc-csm1-1","esmHistorical",0.91689521074295
1971,"heatflux","r1i1p1","bcc-csm1-1","esmHistorical",1.2468322912852
1972,"heatflux","r1i1p1","bcc-csm1-1","esmHistorical",1.23485115170479
1973,"heatflux","r1i1p1","bcc-csm1-1","esmHistorical",1.21213448047638
1974,"heatflux","r1i1p1","bcc-csm1-1","esmHistorical",1.08117328087489
1975,"heatflux","r1i1p1","bcc-csm1-1","esmHistorical",0.482442498207092
1976,"heatflux","r1i1p1","bcc-csm1-1","esmHistorical",0.850109179814657
1977,"heatflux","r1i1p1","bcc-csm1-1","esmHistorical",1.06207280357679
1978,"heatflux","r1i1p1","bcc-csm1-1","esmHistorical",1.11066404233376
1979,"heatflux","r1i1p1","bcc-csm1-1","esmHistorical",1.26458748181661
1980,"heatflux","r1i1p1","bcc-csm1-1","esmHistorical",1.39557001988093
1981,"heatflux","r1i1p1","bcc-csm1-1","esmHistorical",1.09389344851176
1982,"heatflux","r1i1p1","bcc-csm1-1","esmHistorical",-0.0740307668844859
1983,"heatflux","r1i1p1","bcc-csm1-1","esmHistorical",-0.084320326646169
1984,"heatflux","r1i1p1","bcc-csm1-1","esmHistorical",1.49376353621483
1985,"heatflux","r1i1p1","bcc-csm1-1","esmHistorical",1.66523345311483
1986,"heatflux","r1i1p1","bcc-csm1-1","esmHistorical",1.53587985038757
1987,"heatflux","r1i1p1","bcc-csm1-1","esmHistorical",1.52348925669988
1988,"heatflux","r1i1p1","bcc-csm1-1","esmHistorical",1.87072140475114
1989,"heatflux","r1i1p1","bcc-csm1-1","esmHistorical",1.84948364893595
1990,"heatflux","r1i1p1","bcc-csm1-1","esmHistorical",1.38788110017776
1991,"heatflux","r1i1p1","bcc-csm1-1","esmHistorical",0.0959872274349133
1992,"heatflux","r1i1p1","bcc-csm1-1","esmHistorical",-0.562431732813517
1993,"heatflux","r1i1p1","bcc-csm1-1","esmHistorical",1.70759782195091
1994,"heatflux","r1i1p1","bcc-csm1-1","esmHistorical",2.01689798633258
1995,"heatflux","r1i1p1","bcc-csm1-1","esmHistorical",1.95506775379181
1996,"heatflux","r1i1p1","bcc-csm1-1","esmHistorical",1.90536667903264
1997,"heatflux","r1i1p1","bcc-csm1-1","esmHistorical",1.969185034434
1998,"heatflux","r1i1p1","bcc-csm1-1","esmHistorical",1.84057140350342
1999,"heatflux","r1i1p1","bcc-csm1-1","esmHistorical",2.34017964204152
2000,"heatflux","r1i1p1","bcc-csm1-1","esmHistorical",1.3893204331398
2001,"heatflux","r1i1p1","bcc-csm1-1","esmHistorical",1.68972394863764
2002,"heatflux","r1i1p1","bcc-csm1-1","esmHistorical",2.15071903665861
2003,"heatflux","r1i1p1","bcc-csm1-1","esmHistorical",1.0120459596316
2004,"heatflux","r1i1p1","bcc-csm1-1","esmHistorical",1.84950192769368
2005,"heatflux","r1i1p1","bcc-csm1-1","esmHistorical",1.49929515769084
2006,"heatflux","r1i1p1","bcc-csm1-1","esmHistorical",1.9374615252018
2007,"heatflux","r1i1p1","bcc-csm1-1","esmHistorical",1.71523169676463
2008,"heatflux","r1i1p1","bcc-csm1-1","esmHistorical",1.74435593684514
2009,"heatflux","r1i1p1","bcc-csm1-1","esmHistorical",1.71285092830658
2010,"heatflux","r1i1p1","bcc-csm1-1","esmHistorical",2.03681862850984
2011,"heatflux","r1i1p1","bcc-csm1-1","esmHistorical",1.68215850989024
2012,"heatflux","r1i1p1","bcc-csm1-1","esmHistorical",1.65266524751981
1861,"heatflux","r1i1p1","GFDL-ESM2G","esmHistorical",1.38735125462214
1862,"heatflux","r1i1p1","GFDL-ESM2G","esmHistorical",0.521615594625473
1863,"heatflux","r1i1p1","GFDL-ESM2G","esmHistorical",2.08056610822678
1864,"heatflux","r1i1p1","GFDL-ESM2G","esmHistorical",1.88914428154627
1865,"heatflux","r1i1p1","GFDL-ESM2G","esmHistorical",1.5576070745786
1866,"heatflux","r1i1p1","GFDL-ESM2G","esmHistorical",0.927248438199361
1867,"heatflux","r1i1p1","GFDL-ESM2G","esmHistorical",0.299735149058203
1868,"heatflux","r1i1p1","GFDL-ESM2G","esmHistorical",1.62457577387492
1869,"heatflux","r1i1p1","GFDL-ESM2G","esmHistorical",1.05722268422445
1870,"heatflux","r1i1p1","GFDL-ESM2G","esmHistorical",0.614934980869293
1871,"heatflux","r1i1p1","GFDL-ESM2G","esmHistorical",1.40290296077728
1872,"heatflux","r1i1p1","GFDL-ESM2G","esmHistorical",1.44930267333984
1873,"heatflux","r1i1p1","GFDL-ESM2G","esmHistorical",0.859971423943838
1874,"heatflux","r1i1p1","GFDL-ESM2G","esmHistorical",1.13817362984021
1875,"heatflux","r1i1p1","GFDL-ESM2G","esmHistorical",1.00553152710199
1876,"heatflux","r1i1p1","GFDL-ESM2G","esmHistorical",0.761999517679214
1877,"heatflux","r1i1p1","GFDL-ESM2G","esmHistorical",1.24429986874262
1878,"heatflux","r1i1p1","GFDL-ESM2G","esmHistorical",2.11860430240631
1879,"heatflux","r1i1p1","GFDL-ESM2G","esmHistorical",1.00611472129822
1880,"heatflux","r1i1p1","GFDL-ESM2G","esmHistorical",1.54238098363082
1881,"heatflux","r1i1p1","GFDL-ESM2G","esmHistorical",1.67433168490728
1882,"heatflux","r1i1p1","GFDL-ESM2G","esmHistorical",1.85956980784734
1883,"heatflux","r1i1p1","GFDL-ESM2G","esmHistorical",0.271959414084752
1884,"heatflux","r1i1p1","GFDL-ESM2G","esmHistorical",-2.88776348034541
1885,"heatflux","r1i1p1","GFDL-ESM2G","esmHistorical",0.719866812229156
1886,"heatflux","r1i1p1","GFDL-ESM2G","esmHistorical",1.24919956922531
1887,"heatflux","r1i1p1","GFDL-ESM2G","esmHistorical",1.62388855218887
1888,"heatflux","r1i1p1","GFDL-ESM2G","esmHistorical",0.778738180796305
1889,"heatflux","r1i1p1","GFDL-ESM2G","esmHistorical",0.825437645117442
1890,"heatflux","r1i1p1","GFDL-ESM2G","esmHistorical",1.61867814262708
1891,"heatflux","r1i1p1","GFDL-ESM2G","esmHistorical",0.962027341127396
1892,"heatflux","r1i1p1","GFDL-ESM2G","esmHistorical",1.50392285982768
1893,"heatflux","r1i1p1","GFDL-ESM2G","esmHistorical",2.12538142005603
1894,"heatflux","r1i1p1","GFDL-ESM2G","esmHistorical",1.45398928721746
1895,"heatflux","r1i1p1","GFDL-ESM2G","esmHistorical",1.3617239544789
1896,"heatflux","r1i1p1","GFDL-ESM2G","esmHistorical",1.54637558261553
1897,"heatflux","r1i1p1","GFDL-ESM2G","esmHistorical",1.02228577931722
1898,"heatflux","r1i1p1","GFDL-ESM2G","esmHistorical",1.68346985181173
1899,"heatflux","r1i1p1","GFDL-ESM2G","esmHistorical",1.5723289794599
1900,"heatflux","r1i1p1","GFDL-ESM2G","esmHistorical",1.21800521016121
1901,"heatflux","r1i1p1","GFDL-ESM2G","esmHistorical",1.07479389508565
1902,"heatflux","r1i1p1","GFDL-ESM2G","esmHistorical",1.32628288865089
1903,"heatflux","r1i1p1","GFDL-ESM2G","esmHistorical",0.120091003676256
1904,"heatflux","r1i1p1","GFDL-ESM2G","esmHistorical",1.47086477279663
1905,"heatflux","r1i1p1","GFDL-ESM2G","esmHistorical",1.07283701499303
1906,"heatflux","r1i1p1","GFDL-ESM2G","esmHistorical",1.63657983144124
1907,"heatflux","r1i1p1","GFDL-ESM2G","esmHistorical",1.91868937015533
1908,"heatflux","r1i1p1","GFDL-ESM2G","esmHistorical",1.14629836877187
1909,"heatflux","r1i1p1","GFDL-ESM2G","esmHistorical",2.07703892389933
1910,"heatflux","r1i1p1","GFDL-ESM2G","esmHistorical",2.16691398620605
1911,"heatflux","r1i1p1","GFDL-ESM2G","esmHistorical",1.49883394440015
1912,"heatflux","r1i1p1","GFDL-ESM2G","esmHistorical",0.701237152020136
1913,"heatflux","r1i1p1","GFDL-ESM2G","esmHistorical",1.02662217617035
1914,"heatflux","r1i1p1","GFDL-ESM2G","esmHistorical",1.6044667561849
1915,"heatflux","r1i1p1","GFDL-ESM2G","esmHistorical",1.24334702889125
1916,"heatflux","r1i1p1","GFDL-ESM2G","esmHistorical",1.63810767730077
1917,"heatflux","r1i1p1","GFDL-ESM2G","esmHistorical",1.34190609057744
1918,"heatflux","r1i1p1","GFDL-ESM2G","esmHistorical",1.13323098421097
1919,"heatflux","r1i1p1","GFDL-ESM2G","esmHistorical",1.08498495817184
1920,"heatflux","r1i1p1","GFDL-ESM2G","esmHistorical",1.74443832039833
1921,"heatflux","r1i1p1","GFDL-ESM2G","esmHistorical",1.47071832418442
1922,"heatflux","r1i1p1","GFDL-ESM2G","esmHistorical",1.03087098896503
1923,"heatflux","r1i1p1","GFDL-ESM2G","esmHistorical",1.18304735422134
1924,"heatflux","r1i1p1","GFDL-ESM2G","esmHistorical",1.46218747893969
1925,"heatflux","r1i1p1","GFDL-ESM2G","esmHistorical",1.36265238126119
1926,"heatflux","r1i1p1","GFDL-ESM2G","esmHistorical",1.20278056462606
1927,"heatflux","r1i1p1","GFDL-ESM2G","esmHistorical",1.24739083647728
1928,"heatflux","r1i1p1","GFDL-ESM2G","esmHistorical",1.69761961698532
1929,"heatflux","r1i1p1","GFDL-ESM2G","esmHistorical",2.2443859577179
1930,"heatflux","r1i1p1","GFDL-ESM2G","esmHistorical",1.71239074071248
1931,"heatflux","r1i1p1","GFDL-ESM2G","esmHistorical",1.45025283098221
1932,"heatflux","r1i1p1","GFDL-ESM2G","esmHistorical",1.32644972205162
1933,"heatflux","r1i1p1","GFDL-ESM2G","esmHistorical",1.25449752807617
1934,"heatflux","r1i1p1","GFDL-ESM2G","esmHistorical",1.10872181256612
1935,"heatflux","r1i1p1","GFDL-ESM2G","esmHistorical",2.61132518450419
1936,"heatflux","r1i1p1","GFDL-ESM2G","esmHistorical",2.23908106486003
1937,"heatflux","r1i1p1","GFDL-ESM2G","esmHistorical",0.739985744158427
1938,"heatflux","r1i1p1","GFDL-ESM2G","esmHistorical",2.12439805269241
1939,"heatflux","r1i1p1","GFDL-ESM2G","esmHistorical",2.40539283553759
1940,"heatflux","r1i1p1","GFDL-ESM2G","esmHistorical",1.36303839087486
1941,"heatflux","r1i1p1","GFDL-ESM2G","esmHistorical",1.13758677244186
1942,"heatflux","r1i1p1","GFDL-ESM2G","esmHistorical",1.18319765726725
1943,"heatflux","r1i1p1","GFDL-ESM2G","esmHistorical",1.56210625171661
1944,"heatflux","r1i1p1","GFDL-ESM2G","esmHistorical",1.71891550223033
1945,"heatflux","r1i1p1","GFDL-ESM2G","esmHistorical",1.93660332262516
1946,"heatflux","r1i1p1","GFDL-ESM2G","esmHistorical",1.61536018053691
1947,"heatflux","r1i1p1","GFDL-ESM2G","esmHistorical",0.39303250114123
1948,"heatflux","r1i1p1","GFDL-ESM2G","esmHistorical",2.19872735937436
1949,"heatflux","r1i1p1","GFDL-ESM2G","esmHistorical",1.86877205471198
1950,"heatflux","r1i1p1","GFDL-ESM2G","esmHistorical",1.32848940292994
1951,"heatflux","r1i1p1","GFDL-ESM2G","esmHistorical",1.887773056825
1952,"heatflux","r1i1p1","GFDL-ESM2G","esmHistorical",1.73699977000554
1953,"heatflux","r1i1p1","GFDL-ESM2G","esmHistorical",0.99444047609965
1954,"heatflux","r1i1p1","GFDL-ESM2G","esmHistorical",1.64552003145218
1955,"heatflux","r1i1p1","GFDL-ESM2G","esmHistorical",1.09528678655624
1956,"heatflux","r1i1p1","GFDL-ESM2G","esmHistorical",0.984454055627187
1957,"heatflux","r1i1p1","GFDL-ESM2G","esmHistorical",2.07870763540268
1958,"heatflux","r1i1p1","GFDL-ESM2G","esmHistorical",1.69616569081942
1959,"heatflux","r1i1p1","GFDL-ESM2G","esmHistorical",1.87412193417549
1960,"heatflux","r1i1p1","GFDL-ESM2G","esmHistorical",1.04315481334925
1961,"heatflux","r1i1p1","GFDL-ESM2G","esmHistorical",2.22749736905098
1962,"heatflux","r1i1p1","GFDL-ESM2G","esmHistorical",1.70938245455424
1963,"heatflux","r1i1p1","GFDL-ESM2G","esmHistorical",0.602931002775828
1964,"heatflux","r1i1p1","GFDL-ESM2G","esmHistorical",0.000471383333206177
1965,"heatflux","r1i1p1","GFDL-ESM2G","esmHistorical",0.859162549177806
1966,"heatflux","r1i1p1","GFDL-ESM2G","esmHistorical",2.04919091860453
1967,"heatflux","r1i1p1","GFDL-ESM2G","esmHistorical",1.57982850074768
1968,"heatflux","r1i1p1","GFDL-ESM2G","esmHistorical",1.87051818768183
1969,"heatflux","r1i1p1","GFDL-ESM2G","esmHistorical",1.64909589290619
1970,"heatflux","r1i1p1","GFDL-ESM2G","esmHistorical",2.12697352965673
1971,"heatflux","r1i1p1","GFDL-ESM2G","esmHistorical",2.46920841435591
1972,"heatflux","r1i1p1","GFDL-ESM2G","esmHistorical",1.77516978979111
1973,"heatflux","r1i1p1","GFDL-ESM2G","esmHistorical",1.57315411170324
1974,"heatflux","r1i1p1","GFDL-ESM2G","esmHistorical",2.79683002829552
1975,"heatflux","r1i1p1","GFDL-ESM2G","esmHistorical",2.08248007297516
1976,"heatflux","r1i1p1","GFDL-ESM2G","esmHistorical",2.55158692598343
1977,"heatflux","r1i1p1","GFDL-ESM2G","esmHistorical",1.35659801959991
1978,"heatflux","r1i1p1","GFDL-ESM2G","esmHistorical",2.10126147667567
1979,"heatflux","r1i1p1","GFDL-ESM2G","esmHistorical",2.04659503698349
1980,"heatflux","r1i1p1","GFDL-ESM2G","esmHistorical",2.32505569855372
1981,"heatflux","r1i1p1","GFDL-ESM2G","esmHistorical",2.35094354550044
1982,"heatflux","r1i1p1","GFDL-ESM2G","esmHistorical",0.33517000079155
1983,"heatflux","r1i1p1","GFDL-ESM2G","esmHistorical",0.955814798672994
1984,"heatflux","r1i1p1","GFDL-ESM2G","esmHistorical",1.89358309904734
1985,"heatflux","r1i1p1","GFDL-ESM2G","esmHistorical",1.76537146170934
1986,"heatflux","r1i1p1","GFDL-ESM2G","esmHistorical",2.446109354496
1987,"heatflux","r1i1p1","GFDL-ESM2G","esmHistorical",2.48443510135015
1988,"heatflux","r1i1p1","GFDL-ESM2G","esmHistorical",2.44828560948372
1989,"heatflux","r1i1p1","GFDL-ESM2G","esmHistorical",2.92677672704061
1990,"heatflux","r1i1p1","GFDL-ESM2G","esmHistorical",2.69809548060099
1991,"heatflux","r1i1p1","GFDL-ESM2G","esmHistorical",0.0712715983390808
1992,"heatflux","r1i1p1","GFDL-ESM2G","esmHistorical",-1.23969147602717
1993,"heatflux","r1i1p1","GFDL-ESM2G","esmHistorical",2.44803909460704
1994,"heatflux","r1i1p1","GFDL-ESM2G","esmHistorical",2.88454009095828
1995,"heatflux","r1i1p1","GFDL-ESM2G","esmHistorical",2.09824701150258
1996,"heatflux","r1i1p1","GFDL-ESM2G","esmHistorical",2.69519523779551
1997,"heatflux","r1i1p1","GFDL-ESM2G","esmHistorical",1.62940831979116
1998,"heatflux","r1i1p1","GFDL-ESM2G","esmHistorical",2.01471734046936
1999,"heatflux","r1i1p1","GFDL-ESM2G","esmHistorical",2.79797188440959
2000,"heatflux","r1i1p1","GFDL-ESM2G","esmHistorical",2.71674006183942
2001,"heatflux","r1i1p1","GFDL-ESM2G","esmHistorical",2.04444008072217
2002,"heatflux","r1i1p1","GFDL-ESM2G","esmHistorical",2.01791489124298
2003,"heatflux","r1i1p1","GFDL-ESM2G","esmHistorical",2.73146068056424
2004,"heatflux","r1i1p1","GFDL-ESM2G","esmHistorical",3.32725717624029
2005,"heatflux","r1i1p1","GFDL-ESM2G","esmHistorical",1.56832524140676
1850,"heatflux","r1i1p1","MIROC-ESM","esmHistorical",1.89266226689021
1851,"heatflux","r1i1p1","MIROC-ESM","esmHistorical",2.26556670665741
1852,"heatflux","r1i1p1","MIROC-ESM","esmHistorical",1.70001991589864
1853,"heatflux","r1i1p1","MIROC-ESM","esmHistorical",1.77488045891126
1854,"heatflux","r1i1p1","MIROC-ESM","esmHistorical",1.87512637178103
1855,"heatflux","r1i1p1","MIROC-ESM","esmHistorical",2.07081280152003
1856,"heatflux","r1i1p1","MIROC-ESM","esmHistorical",0.558185080687205
1857,"heatflux","r1i1p1","MIROC-ESM","esmHistorical",1.09967986742655
1858,"heatflux","r1i1p1","MIROC-ESM","esmHistorical",0.730679631233215
1859,"heatflux","r1i1p1","MIROC-ESM","esmHistorical",1.93694918354352
1860,"heatflux","r1i1p1","MIROC-ESM","esmHistorical",1.92662128806114
1861,"heatflux","r1i1p1","MIROC-ESM","esmHistorical",2.21346376339595
1862,"heatflux","r1i1p1","MIROC-ESM","esmHistorical",2.21918350458145
1863,"heatflux","r1i1p1","MIROC-ESM","esmHistorical",2.64158397912979
1864,"heatflux","r1i1p1","MIROC-ESM","esmHistorical",1.51379324992498
1865,"heatflux","r1i1p1","MIROC-ESM","esmHistorical",1.86305997769038
1866,"heatflux","r1i1p1","MIROC-ESM","esmHistorical",2.12933097283045
1867,"heatflux","r1i1p1","MIROC-ESM","esmHistorical",2.0391731162866
1868,"heatflux","r1i1p1","MIROC-ESM","esmHistorical",1.46638649702072
1869,"heatflux","r1i1p1","MIROC-ESM","esmHistorical",2.04808146754901
1870,"heatflux","r1i1p1","MIROC-ESM","esmHistorical",1.97272266944249
1871,"heatflux","r1i1p1","MIROC-ESM","esmHistorical",2.19172556698322
1872,"heatflux","r1i1p1","MIROC-ESM","esmHistorical",2.26682360967
1873,"heatflux","r1i1p1","MIROC-ESM","esmHistorical",1.81519775589307
1874,"heatflux","r1i1p1","MIROC-ESM","esmHistorical",1.95877485473951
1875,"heatflux","r1i1p1","MIROC-ESM","esmHistorical",2.17063794036706
1876,"heatflux","r1i1p1","MIROC-ESM","esmHistorical",1.1365233361721
1877,"heatflux","r1i1p1","MIROC-ESM","esmHistorical",2.52873505155245
1878,"heatflux","r1i1p1","MIROC-ESM","esmHistorical",1.67474210262299
1879,"heatflux","r1i1p1","MIROC-ESM","esmHistorical",2.18833877642949
1880,"heatflux","r1i1p1","MIROC-ESM","esmHistorical",2.24449181556702
1881,"heatflux","r1i1p1","MIROC-ESM","esmHistorical",2.13105366627375
1882,"heatflux","r1i1p1","MIROC-ESM","esmHistorical",1.97824642558893
1883,"heatflux","r1i1p1","MIROC-ESM","esmHistorical",1.1635052661101
1884,"heatflux","r1i1p1","MIROC-ESM","esmHistorical",-0.840857108434041
1885,"heatflux","r1i1p1","MIROC-ESM","esmHistorical",0.823369652032852
1886,"heatflux","r1i1p1","MIROC-ESM","esmHistorical",1.74115284283956
1887,"heatflux","r1i1p1","MIROC-ESM","esmHistorical",1.4821203549703
1888,"heatflux","r1i1p1","MIROC-ESM","esmHistorical",1.34933632612228
1889,"heatflux","r1i1p1","MIROC-ESM","esmHistorical",1.62470579147339
1890,"heatflux","r1i1p1","MIROC-ESM","esmHistorical",1.15026263395945
1891,"heatflux","r1i1p1","MIROC-ESM","esmHistorical",1.72809565098335
1892,"heatflux","r1i1p1","MIROC-ESM","esmHistorical",1.83938934405645
1893,"heatflux","r1i1p1","MIROC-ESM","esmHistorical",2.54273907343547
1894,"heatflux","r1i1p1","MIROC-ESM","esmHistorical",1.97115325927734
1895,"heatflux","r1i1p1","MIROC-ESM","esmHistorical",1.65554357568423
1896,"heatflux","r1i1p1","MIROC-ESM","esmHistorical",1.61858200033506
1897,"heatflux","r1i1p1","MIROC-ESM","esmHistorical",1.76356180508931
1898,"heatflux","r1i1p1","MIROC-ESM","esmHistorical",1.9077049891154
1899,"heatflux","r1i1p1","MIROC-ESM","esmHistorical",2.74166758855184
1900,"heatflux","r1i1p1","MIROC-ESM","esmHistorical",2.06177999575933
1901,"heatflux","r1i1p1","MIROC-ESM","esmHistorical",2.22284507751465
1902,"heatflux","r1i1p1","MIROC-ESM","esmHistorical",1.35313922166824
1903,"heatflux","r1i1p1","MIROC-ESM","esmHistorical",1.21529813607534
1904,"heatflux","r1i1p1","MIROC-ESM","esmHistorical",1.64030462503433
1905,"heatflux","r1i1p1","MIROC-ESM","esmHistorical",2.06525023281574
1906,"heatflux","r1i1p1","MIROC-ESM","esmHistorical",1.94936279455821
1907,"heatflux","r1i1p1","MIROC-ESM","esmHistorical",2.23262740174929
1908,"heatflux","r1i1p1","MIROC-ESM","esmHistorical",1.36687271793683
1909,"heatflux","r1i1p1","MIROC-ESM","esmHistorical",2.28056716918945
1910,"heatflux","r1i1p1","MIROC-ESM","esmHistorical",2.13558844725291
1911,"heatflux","r1i1p1","MIROC-ESM","esmHistorical",1.72293714682261
1912,"heatflux","r1i1p1","MIROC-ESM","esmHistorical",2.14902075131734
1913,"heatflux","r1i1p1","MIROC-ESM","esmHistorical",1.87713615099589
1914,"heatflux","r1i1p1","MIROC-ESM","esmHistorical",2.29947169621785
1915,"heatflux","r1i1p1","MIROC-ESM","esmHistorical",1.85339043537776
1916,"heatflux","r1i1p1","MIROC-ESM","esmHistorical",2.18179132541021
1917,"heatflux","r1i1p1","MIROC-ESM","esmHistorical",2.40095766385396
1918,"heatflux","r1i1p1","MIROC-ESM","esmHistorical",2.01358912388484
1919,"heatflux","r1i1p1","MIROC-ESM","esmHistorical",2.48541957139969
1920,"heatflux","r1i1p1","MIROC-ESM","esmHistorical",1.20980451504389
1921,"heatflux","r1i1p1","MIROC-ESM","esmHistorical",2.19390279923876
1922,"heatflux","r1i1p1","MIROC-ESM","esmHistorical",2.4204299847285
1923,"heatflux","r1i1p1","MIROC-ESM","esmHistorical",2.30699038505554
1924,"heatflux","r1i1p1","MIROC-ESM","esmHistorical",1.99833225210508
1925,"heatflux","r1i1p1","MIROC-ESM","esmHistorical",2.21720718483751
1926,"heatflux","r1i1p1","MIROC-ESM","esmHistorical",2.43110501766205
1927,"heatflux","r1i1p1","MIROC-ESM","esmHistorical",2.46795461326838
1928,"heatflux","r1i1p1","MIROC-ESM","esmHistorical",1.06040525436401
1929,"heatflux","r1i1p1","MIROC-ESM","esmHistorical",1.65194582939148
1930,"heatflux","r1i1p1","MIROC-ESM","esmHistorical",2.30185203750928
1931,"heatflux","r1i1p1","MIROC-ESM","esmHistorical",2.18828475475311
1932,"heatflux","r1i1p1","MIROC-ESM","esmHistorical",2.08016964793205
1933,"heatflux","r1i1p1","MIROC-ESM","esmHistorical",2.41092316806316
1934,"heatflux","r1i1p1","MIROC-ESM","esmHistorical",2.1786818554004
1935,"heatflux","r1i1p1","MIROC-ESM","esmHistorical",2.09158843755722
1936,"heatflux","r1i1p1","MIROC-ESM","esmHistorical",2.186439037323
1937,"heatflux","r1i1p1","MIROC-ESM","esmHistorical",1.77979745094975
1938,"heatflux","r1i1p1","MIROC-ESM","esmHistorical",2.16226510206858
1939,"heatflux","r1i1p1","MIROC-ESM","esmHistorical",2.25646076599757
1940,"heatflux","r1i1p1","MIROC-ESM","esmHistorical",1.74687916040421
1941,"heatflux","r1i1p1","MIROC-ESM","esmHistorical",2.23547153671583
1942,"heatflux","r1i1p1","MIROC-ESM","esmHistorical",2.03141571581364
1943,"heatflux","r1i1p1","MIROC-ESM","esmHistorical",2.30436907211939
1944,"heatflux","r1i1p1","MIROC-ESM","esmHistorical",2.54105997085571
1945,"heatflux","r1i1p1","MIROC-ESM","esmHistorical",2.44053952147563
1946,"heatflux","r1i1p1","MIROC-ESM","esmHistorical",2.07653494675954
1947,"heatflux","r1i1p1","MIROC-ESM","esmHistorical",2.40698314706484
1948,"heatflux","r1i1p1","MIROC-ESM","esmHistorical",1.5539560119311
1949,"heatflux","r1i1p1","MIROC-ESM","esmHistorical",2.55261708796024
1950,"heatflux","r1i1p1","MIROC-ESM","esmHistorical",2.29330796996752
1951,"heatflux","r1i1p1","MIROC-ESM","esmHistorical",2.52012800176938
1952,"heatflux","r1i1p1","MIROC-ESM","esmHistorical",1.72915426890055
1953,"heatflux","r1i1p1","MIROC-ESM","esmHistorical",2.11449651916822
1954,"heatflux","r1i1p1","MIROC-ESM","esmHistorical",2.49153032898903
1955,"heatflux","r1i1p1","MIROC-ESM","esmHistorical",2.60447683930397
1956,"heatflux","r1i1p1","MIROC-ESM","esmHistorical",2.04194815456867
1957,"heatflux","r1i1p1","MIROC-ESM","esmHistorical",2.2374975780646
1958,"heatflux","r1i1p1","MIROC-ESM","esmHistorical",2.43703852097193
1959,"heatflux","r1i1p1","MIROC-ESM","esmHistorical",1.7524446696043
1960,"heatflux","r1i1p1","MIROC-ESM","esmHistorical",2.44154851635297
1961,"heatflux","r1i1p1","MIROC-ESM","esmHistorical",2.40089492996534
1962,"heatflux","r1i1p1","MIROC-ESM","esmHistorical",1.9258572657903
1963,"heatflux","r1i1p1","MIROC-ESM","esmHistorical",1.44753777980804
1964,"heatflux","r1i1p1","MIROC-ESM","esmHistorical",0.770325024922689
1965,"heatflux","r1i1p1","MIROC-ESM","esmHistorical",1.98191990454992
1966,"heatflux","r1i1p1","MIROC-ESM","esmHistorical",1.56276226043701
1967,"heatflux","r1i1p1","MIROC-ESM","esmHistorical",1.81830875078837
1968,"heatflux","r1i1p1","MIROC-ESM","esmHistorical",2.33103011051814
1969,"heatflux","r1i1p1","MIROC-ESM","esmHistorical",1.80360102156798
1970,"heatflux","r1i1p1","MIROC-ESM","esmHistorical",2.19086852669716
1971,"heatflux","r1i1p1","MIROC-ESM","esmHistorical",2.03752718369166
1972,"heatflux","r1i1p1","MIROC-ESM","esmHistorical",2.67193580667178
1973,"heatflux","r1i1p1","MIROC-ESM","esmHistorical",2.22334207097689
1974,"heatflux","r1i1p1","MIROC-ESM","esmHistorical",2.03502555688222
1975,"heatflux","r1i1p1","MIROC-ESM","esmHistorical",1.7936230301857
1976,"heatflux","r1i1p1","MIROC-ESM","esmHistorical",2.03530331452688
1977,"heatflux","r1i1p1","MIROC-ESM","esmHistorical",2.47035537163417
1978,"heatflux","r1i1p1","MIROC-ESM","esmHistorical",1.56427987416585
1979,"heatflux","r1i1p1","MIROC-ESM","esmHistorical",2.57041527827581
1980,"heatflux","r1i1p1","MIROC-ESM","esmHistorical",2.35197204351425
1981,"heatflux","r1i1p1","MIROC-ESM","esmHistorical",3.18071596821149
1982,"heatflux","r1i1p1","MIROC-ESM","esmHistorical",1.57003382841746
1983,"heatflux","r1i1p1","MIROC-ESM","esmHistorical",1.29222432772319
1984,"heatflux","r1i1p1","MIROC-ESM","esmHistorical",2.23816631486019
1985,"heatflux","r1i1p1","MIROC-ESM","esmHistorical",2.94994775454203
1986,"heatflux","r1i1p1","MIROC-ESM","esmHistorical",2.06032574176788
1987,"heatflux","r1i1p1","MIROC-ESM","esmHistorical",2.37437405188878
1988,"heatflux","r1i1p1","MIROC-ESM","esmHistorical",2.70894795159499
1989,"heatflux","r1i1p1","MIROC-ESM","esmHistorical",2.39239958922068
1990,"heatflux","r1i1p1","MIROC-ESM","esmHistorical",2.67990478531768
1991,"heatflux","r1i1p1","MIROC-ESM","esmHistorical",1.74801210065683
1992,"heatflux","r1i1p1","MIROC-ESM","esmHistorical",0.960798720518748
1993,"heatflux","r1i1p1","MIROC-ESM","esmHistorical",1.93139769633611
1994,"heatflux","r1i1p1","MIROC-ESM","esmHistorical",2.83904236555099
1995,"heatflux","r1i1p1","MIROC-ESM","esmHistorical",2.24017421404521
1996,"heatflux","r1i1p1","MIROC-ESM","esmHistorical",2.90284403165181
1997,"heatflux","r1i1p1","MIROC-ESM","esmHistorical",2.77525142828623
1998,"heatflux","r1i1p1","MIROC-ESM","esmHistorical",2.24806491533915
1999,"heatflux","r1i1p1","MIROC-ESM","esmHistorical",2.63540311654409
2000,"heatflux","r1i1p1","MIROC-ESM","esmHistorical",2.50202351808548
2001,"heatflux","r1i1p1","MIROC-ESM","esmHistorical",2.80024378125866
2002,"heatflux","r1i1p1","MIROC-ESM","esmHistorical",3.14997762441635
2003,"heatflux","r1i1p1","MIROC-ESM","esmHistorical",2.73040968179703
2004,"heatflux","r1i1p1","MIROC-ESM","esmHistorical",2.94598668317
2005,"heatflux","r1i1p1","MIROC-ESM","esmHistorical",2.62491325537364
1850,"heatflux","r1i1p1","NorESM1-ME","esmHistorical",1.45997803409894
1851,"heatflux","r1i1p1","NorESM1-ME","esmHistorical",0.737074712912242
1852,"heatflux","r1i1p1","NorESM1-ME","esmHistorical",0.654616634051005
1853,"heatflux","r1i1p1","NorESM1-ME","esmHistorical",1.30936753625671
1854,"heatflux","r1i1p1","NorESM1-ME","esmHistorical",-0.0779290397961934
1855,"heatflux","r1i1p1","NorESM1-ME","esmHistorical",0.203162481387456
1856,"heatflux","r1i1p1","NorESM1-ME","esmHistorical",1.51413217683633
1857,"heatflux","r1i1p1","NorESM1-ME","esmHistorical",1.35478480656942
1858,"heatflux","r1i1p1","NorESM1-ME","esmHistorical",1.42063477635384
1859,"heatflux","r1i1p1","NorESM1-ME","esmHistorical",1.22367454568545
1860,"heatflux","r1i1p1","NorESM1-ME","esmHistorical",1.26507288217545
1861,"heatflux","r1i1p1","NorESM1-ME","esmHistorical",1.175078317523
1862,"heatflux","r1i1p1","NorESM1-ME","esmHistorical",1.57414631545544
1863,"heatflux","r1i1p1","NorESM1-ME","esmHistorical",1.24276141325633
1864,"heatflux","r1i1p1","NorESM1-ME","esmHistorical",0.875814199447632
1865,"heatflux","r1i1p1","NorESM1-ME","esmHistorical",0.785398403803507
1866,"heatflux","r1i1p1","NorESM1-ME","esmHistorical",1.24739317595959
1867,"heatflux","r1i1p1","NorESM1-ME","esmHistorical",0.705945392449697
1868,"heatflux","r1i1p1","NorESM1-ME","esmHistorical",0.635511418183645
1869,"heatflux","r1i1p1","NorESM1-ME","esmHistorical",0.975979313254356
1870,"heatflux","r1i1p1","NorESM1-ME","esmHistorical",1.26833540201187
1871,"heatflux","r1i1p1","NorESM1-ME","esmHistorical",1.00316203882297
1872,"heatflux","r1i1p1","NorESM1-ME","esmHistorical",0.946670482556025
1873,"heatflux","r1i1p1","NorESM1-ME","esmHistorical",1.30573864777883
1874,"heatflux","r1i1p1","NorESM1-ME","esmHistorical",1.68327778577805
1875,"heatflux","r1i1p1","NorESM1-ME","esmHistorical",1.38744856913884
1876,"heatflux","r1i1p1","NorESM1-ME","esmHistorical",1.41456145048141
1877,"heatflux","r1i1p1","NorESM1-ME","esmHistorical",0.833915740251541
1878,"heatflux","r1i1p1","NorESM1-ME","esmHistorical",0.694969087839127
1879,"heatflux","r1i1p1","NorESM1-ME","esmHistorical",0.334176242351532
1880,"heatflux","r1i1p1","NorESM1-ME","esmHistorical",0.824500405540069
1881,"heatflux","r1i1p1","NorESM1-ME","esmHistorical",0.770595153405642
1882,"heatflux","r1i1p1","NorESM1-ME","esmHistorical",1.28078418473403
1883,"heatflux","r1i1p1","NorESM1-ME","esmHistorical",-0.639676630496979
1884,"heatflux","r1i1p1","NorESM1-ME","esmHistorical",-1.36470490694046
1885,"heatflux","r1i1p1","NorESM1-ME","esmHistorical",1.22053804000219
1886,"heatflux","r1i1p1","NorESM1-ME","esmHistorical",1.88624667127927
1887,"heatflux","r1i1p1","NorESM1-ME","esmHistorical",1.49934499462446
1888,"heatflux","r1i1p1","NorESM1-ME","esmHistorical",0.810844297210375
1889,"heatflux","r1i1p1","NorESM1-ME","esmHistorical",1.41923112173875
1890,"heatflux","r1i1p1","NorESM1-ME","esmHistorical",0.216536104679108
1891,"heatflux","r1i1p1","NorESM1-ME","esmHistorical",0.646274427572886
1892,"heatflux","r1i1p1","NorESM1-ME","esmHistorical",1.47839532295863
1893,"heatflux","r1i1p1","NorESM1-ME","esmHistorical",1.35059176882108
1894,"heatflux","r1i1p1","NorESM1-ME","esmHistorical",0.886932800213496
1895,"heatflux","r1i1p1","NorESM1-ME","esmHistorical",0.86226330883801
1896,"heatflux","r1i1p1","NorESM1-ME","esmHistorical",1.29904913157225
1897,"heatflux","r1i1p1","NorESM1-ME","esmHistorical",0.917790790398916
1898,"heatflux","r1i1p1","NorESM1-ME","esmHistorical",0.979560094575087
1899,"heatflux","r1i1p1","NorESM1-ME","esmHistorical",1.12194214264552
1900,"heatflux","r1i1p1","NorESM1-ME","esmHistorical",0.632682601610819
1901,"heatflux","r1i1p1","NorESM1-ME","esmHistorical",1.45943846056859
1902,"heatflux","r1i1p1","NorESM1-ME","esmHistorical",0.506047810117404
1903,"heatflux","r1i1p1","NorESM1-ME","esmHistorical",-1.79896944761276
1904,"heatflux","r1i1p1","NorESM1-ME","esmHistorical",0.169500192006429
1905,"heatflux","r1i1p1","NorESM1-ME","esmHistorical",1.36786812543869
1906,"heatflux","r1i1p1","NorESM1-ME","esmHistorical",1.62316393852234
1907,"heatflux","r1i1p1","NorESM1-ME","esmHistorical",0.839875208834807
1908,"heatflux","r1i1p1","NorESM1-ME","esmHistorical",1.30599057922761
1909,"heatflux","r1i1p1","NorESM1-ME","esmHistorical",0.847928126653036
1910,"heatflux","r1i1p1","NorESM1-ME","esmHistorical",1.12565029660861
1911,"heatflux","r1i1p1","NorESM1-ME","esmHistorical",0.787878314654032
1912,"heatflux","r1i1p1","NorESM1-ME","esmHistorical",0.787112111846606
1913,"heatflux","r1i1p1","NorESM1-ME","esmHistorical",0.901813129583995
1914,"heatflux","r1i1p1","NorESM1-ME","esmHistorical",0.825932968407869
1915,"heatflux","r1i1p1","NorESM1-ME","esmHistorical",1.0675723105669
1916,"heatflux","r1i1p1","NorESM1-ME","esmHistorical",1.80508412917455
1917,"heatflux","r1i1p1","NorESM1-ME","esmHistorical",1.12267642219861
1918,"heatflux","r1i1p1","NorESM1-ME","esmHistorical",1.05453370014826
1919,"heatflux","r1i1p1","NorESM1-ME","esmHistorical",2.13733398914337
1920,"heatflux","r1i1p1","NorESM1-ME","esmHistorical",1.4496430059274
1921,"heatflux","r1i1p1","NorESM1-ME","esmHistorical",0.755430817604065
1922,"heatflux","r1i1p1","NorESM1-ME","esmHistorical",0.51212485631307
1923,"heatflux","r1i1p1","NorESM1-ME","esmHistorical",0.466583587229252
1924,"heatflux","r1i1p1","NorESM1-ME","esmHistorical",1.37470101813475
1925,"heatflux","r1i1p1","NorESM1-ME","esmHistorical",1.50541146596273
1926,"heatflux","r1i1p1","NorESM1-ME","esmHistorical",1.28500328461329
1927,"heatflux","r1i1p1","NorESM1-ME","esmHistorical",0.798275897900263
1928,"heatflux","r1i1p1","NorESM1-ME","esmHistorical",1.51964006821315
1929,"heatflux","r1i1p1","NorESM1-ME","esmHistorical",1.21965097387632
1930,"heatflux","r1i1p1","NorESM1-ME","esmHistorical",1.40222892413537
1931,"heatflux","r1i1p1","NorESM1-ME","esmHistorical",1.24630823731422
1932,"heatflux","r1i1p1","NorESM1-ME","esmHistorical",1.14937961101532
1933,"heatflux","r1i1p1","NorESM1-ME","esmHistorical",1.47248965998491
1934,"heatflux","r1i1p1","NorESM1-ME","esmHistorical",0.970381826162338
1935,"heatflux","r1i1p1","NorESM1-ME","esmHistorical",1.67325021823247
1936,"heatflux","r1i1p1","NorESM1-ME","esmHistorical",1.38702812294165
1937,"heatflux","r1i1p1","NorESM1-ME","esmHistorical",1.44118271271388
1938,"heatflux","r1i1p1","NorESM1-ME","esmHistorical",1.81739302476247
1939,"heatflux","r1i1p1","NorESM1-ME","esmHistorical",1.86616728703181
1940,"heatflux","r1i1p1","NorESM1-ME","esmHistorical",1.43243816494942
1941,"heatflux","r1i1p1","NorESM1-ME","esmHistorical",0.707320585846901
1942,"heatflux","r1i1p1","NorESM1-ME","esmHistorical",0.554106861352921
1943,"heatflux","r1i1p1","NorESM1-ME","esmHistorical",1.12542429566383
1944,"heatflux","r1i1p1","NorESM1-ME","esmHistorical",1.62829389174779
1945,"heatflux","r1i1p1","NorESM1-ME","esmHistorical",1.89214911063512
1946,"heatflux","r1i1p1","NorESM1-ME","esmHistorical",1.37831042210261
1947,"heatflux","r1i1p1","NorESM1-ME","esmHistorical",0.609227250019709
1948,"heatflux","r1i1p1","NorESM1-ME","esmHistorical",1.80078507214785
1949,"heatflux","r1i1p1","NorESM1-ME","esmHistorical",1.39985791842143
1950,"heatflux","r1i1p1","NorESM1-ME","esmHistorical",0.474877238273621
1951,"heatflux","r1i1p1","NorESM1-ME","esmHistorical",0.689026013016701
1952,"heatflux","r1i1p1","NorESM1-ME","esmHistorical",2.10950781901677
1953,"heatflux","r1i1p1","NorESM1-ME","esmHistorical",1.92211866130431
1954,"heatflux","r1i1p1","NorESM1-ME","esmHistorical",1.43647422889868
1955,"heatflux","r1i1p1","NorESM1-ME","esmHistorical",1.49442167580128
1956,"heatflux","r1i1p1","NorESM1-ME","esmHistorical",1.42756778746843
1957,"heatflux","r1i1p1","NorESM1-ME","esmHistorical",1.53382996718089
1958,"heatflux","r1i1p1","NorESM1-ME","esmHistorical",1.48170592884223
1959,"heatflux","r1i1p1","NorESM1-ME","esmHistorical",1.06672328710556
1960,"heatflux","r1i1p1","NorESM1-ME","esmHistorical",1.21545735001564
1961,"heatflux","r1i1p1","NorESM1-ME","esmHistorical",0.815009782711665
1962,"heatflux","r1i1p1","NorESM1-ME","esmHistorical",1.58075995246569
1963,"heatflux","r1i1p1","NorESM1-ME","esmHistorical",-0.743254999319712
1964,"heatflux","r1i1p1","NorESM1-ME","esmHistorical",0.0678620139757792
1965,"heatflux","r1i1p1","NorESM1-ME","esmHistorical",1.63005536794662
1966,"heatflux","r1i1p1","NorESM1-ME","esmHistorical",1.73692576650258
1967,"heatflux","r1i1p1","NorESM1-ME","esmHistorical",1.25308056672414
1968,"heatflux","r1i1p1","NorESM1-ME","esmHistorical",0.800465181469917
1969,"heatflux","r1i1p1","NorESM1-ME","esmHistorical",0.812043964862823
1970,"heatflux","r1i1p1","NorESM1-ME","esmHistorical",1.85982674360275
1971,"heatflux","r1i1p1","NorESM1-ME","esmHistorical",1.56966332097848
1972,"heatflux","r1i1p1","NorESM1-ME","esmHistorical",1.62284338474274
1973,"heatflux","r1i1p1","NorESM1-ME","esmHistorical",1.75513253609339
1974,"heatflux","r1i1p1","NorESM1-ME","esmHistorical",1.36873417099317
1975,"heatflux","r1i1p1","NorESM1-ME","esmHistorical",1.18581410249074
1976,"heatflux","r1i1p1","NorESM1-ME","esmHistorical",1.2265929778417
1977,"heatflux","r1i1p1","NorESM1-ME","esmHistorical",1.27521539231141
1978,"heatflux","r1i1p1","NorESM1-ME","esmHistorical",1.87241113185883
1979,"heatflux","r1i1p1","NorESM1-ME","esmHistorical",1.42358083277941
1980,"heatflux","r1i1p1","NorESM1-ME","esmHistorical",1.80154688159625
1981,"heatflux","r1i1p1","NorESM1-ME","esmHistorical",1.88394318024317
1982,"heatflux","r1i1p1","NorESM1-ME","esmHistorical",0.844888915618261
1983,"heatflux","r1i1p1","NorESM1-ME","esmHistorical",1.26032031079133
1984,"heatflux","r1i1p1","NorESM1-ME","esmHistorical",1.4130830069383
1985,"heatflux","r1i1p1","NorESM1-ME","esmHistorical",1.79989742239316
1986,"heatflux","r1i1p1","NorESM1-ME","esmHistorical",2.2612329920133
1987,"heatflux","r1i1p1","NorESM1-ME","esmHistorical",1.86595345288515
1988,"heatflux","r1i1p1","NorESM1-ME","esmHistorical",1.76426345823954
1989,"heatflux","r1i1p1","NorESM1-ME","esmHistorical",2.02532979846001
1990,"heatflux","r1i1p1","NorESM1-ME","esmHistorical",1.31465274592241
1991,"heatflux","r1i1p1","NorESM1-ME","esmHistorical",0.351748913526535
1992,"heatflux","r1i1p1","NorESM1-ME","esmHistorical",0.731270660956701
1993,"heatflux","r1i1p1","NorESM1-ME","esmHistorical",1.88065433502197
1994,"heatflux","r1i1p1","NorESM1-ME","esmHistorical",2.68270994226138
1995,"heatflux","r1i1p1","NorESM1-ME","esmHistorical",2.27084026734034
1996,"heatflux","r1i1p1","NorESM1-ME","esmHistorical",1.97305053472519
1997,"heatflux","r1i1p1","NorESM1-ME","esmHistorical",2.44578060011069
1998,"heatflux","r1i1p1","NorESM1-ME","esmHistorical",1.73148892323176
1999,"heatflux","r1i1p1","NorESM1-ME","esmHistorical",1.83262541890144
2000,"heatflux","r1i1p1","NorESM1-ME","esmHistorical",1.74778278668722
2001,"heatflux","r1i1p1","NorESM1-ME","esmHistorical",2.31620119636258
2002,"heatflux","r1i1p1","NorESM1-ME","esmHistorical",2.12285393973192
2003,"heatflux","r1i1p1","NorESM1-ME","esmHistorical",2.67863516012828
2004,"heatflux","r1i1p1","NorESM1-ME","esmHistorical",1.40325213968754
2005,"heatflux","r1i1p1","NorESM1-ME","esmHistorical",2.01009175181389
2006,"heatflux","r1i1p1","bcc-csm1-1","esmrcp85",1.9374615252018
2007,"heatflux","r1i1p1","bcc-csm1-1","esmrcp85",1.71523169676463
2008,"heatflux","r1i1p1","bcc-csm1-1","esmrcp85",1.74435593684514
2009,"heatflux","r1i1p1","bcc-csm1-1","esmrcp85",1.71285092830658
2010,"heatflux","r1i1p1","bcc-csm1-1","esmrcp85",2.03681862850984
2011,"heatflux","r1i1p1","bcc-csm1-1","esmrcp85",1.68215850989024
2012,"heatflux","r1i1p1","bcc-csm1-1","esmrcp85",1.65266524751981
2013,"heatflux","r1i1p1","bcc-csm1-1","esmrcp85",1.61347575982412
2014,"heatflux","r1i1p1","bcc-csm1-1","esmrcp85",1.50998306274414
2015,"heatflux","r1i1p1","bcc-csm1-1","esmrcp85",2.05389431118965
2016,"heatflux","r1i1p1","bcc-csm1-1","esmrcp85",2.07721297442913
2017,"heatflux","r1i1p1","bcc-csm1-1","esmrcp85",1.82122790813446
2018,"heatflux","r1i1p1","bcc-csm1-1","esmrcp85",1.68569519122442
2019,"heatflux","r1i1p1","bcc-csm1-1","esmrcp85",2.14946266263723
2020,"heatflux","r1i1p1","bcc-csm1-1","esmrcp85",1.94005846977234
2021,"heatflux","r1i1p1","bcc-csm1-1","esmrcp85",2.12311514963706
2022,"heatflux","r1i1p1","bcc-csm1-1","esmrcp85",1.81565156579018
2023,"heatflux","r1i1p1","bcc-csm1-1","esmrcp85",2.00186101595561
2024,"heatflux","r1i1p1","bcc-csm1-1","esmrcp85",2.11636995648344
2025,"heatflux","r1i1p1","bcc-csm1-1","esmrcp85",1.84655660390854
2026,"heatflux","r1i1p1","bcc-csm1-1","esmrcp85",1.93616398175557
2027,"heatflux","r1i1p1","bcc-csm1-1","esmrcp85",2.07318164780736
2028,"heatflux","r1i1p1","bcc-csm1-1","esmrcp85",1.80209157864253
2029,"heatflux","r1i1p1","bcc-csm1-1","esmrcp85",1.6155860821406
2030,"heatflux","r1i1p1","bcc-csm1-1","esmrcp85",1.86720867951711
2031,"heatflux","r1i1p1","bcc-csm1-1","esmrcp85",2.57663555443287
2032,"heatflux","r1i1p1","bcc-csm1-1","esmrcp85",2.26202082633972
2033,"heatflux","r1i1p1","bcc-csm1-1","esmrcp85",2.35078484813372
2034,"heatflux","r1i1p1","bcc-csm1-1","esmrcp85",1.73184414704641
2035,"heatflux","r1i1p1","bcc-csm1-1","esmrcp85",2.07303129633268
2036,"heatflux","r1i1p1","bcc-csm1-1","esmrcp85",2.07513367633025
2037,"heatflux","r1i1p1","bcc-csm1-1","esmrcp85",2.39100740353266
2038,"heatflux","r1i1p1","bcc-csm1-1","esmrcp85",2.21721229950587
2039,"heatflux","r1i1p1","bcc-csm1-1","esmrcp85",2.56184687217077
2040,"heatflux","r1i1p1","bcc-csm1-1","esmrcp85",2.74376173814138
2041,"heatflux","r1i1p1","bcc-csm1-1","esmrcp85",2.12871867418289
2042,"heatflux","r1i1p1","bcc-csm1-1","esmrcp85",2.10593016942342
2043,"heatflux","r1i1p1","bcc-csm1-1","esmrcp85",2.57672708233198
2044,"heatflux","r1i1p1","bcc-csm1-1","esmrcp85",2.80732766787211
2045,"heatflux","r1i1p1","bcc-csm1-1","esmrcp85",2.06187113126119
2046,"heatflux","r1i1p1","bcc-csm1-1","esmrcp85",2.28014116485914
2047,"heatflux","r1i1p1","bcc-csm1-1","esmrcp85",2.75827134897312
2048,"heatflux","r1i1p1","bcc-csm1-1","esmrcp85",2.3876685500145
2049,"heatflux","r1i1p1","bcc-csm1-1","esmrcp85",2.40662078559399
2050,"heatflux","r1i1p1","bcc-csm1-1","esmrcp85",2.96130156020323
2051,"heatflux","r1i1p1","bcc-csm1-1","esmrcp85",2.53891647855441
2052,"heatflux","r1i1p1","bcc-csm1-1","esmrcp85",2.91618783275286
2053,"heatflux","r1i1p1","bcc-csm1-1","esmrcp85",2.70968493819237
2054,"heatflux","r1i1p1","bcc-csm1-1","esmrcp85",2.42591645320257
2055,"heatflux","r1i1p1","bcc-csm1-1","esmrcp85",2.79928893844287
2056,"heatflux","r1i1p1","bcc-csm1-1","esmrcp85",2.4752550025781
2057,"heatflux","r1i1p1","bcc-csm1-1","esmrcp85",2.36167073249817
2058,"heatflux","r1i1p1","bcc-csm1-1","esmrcp85",2.97023708124956
2059,"heatflux","r1i1p1","bcc-csm1-1","esmrcp85",2.92057939370473
2060,"heatflux","r1i1p1","bcc-csm1-1","esmrcp85",3.19561567902565
2061,"heatflux","r1i1p1","bcc-csm1-1","esmrcp85",3.35225130493442
2062,"heatflux","r1i1p1","bcc-csm1-1","esmrcp85",2.81216622392337
2063,"heatflux","r1i1p1","bcc-csm1-1","esmrcp85",2.88033856300171
2064,"heatflux","r1i1p1","bcc-csm1-1","esmrcp85",3.09888396660487
2065,"heatflux","r1i1p1","bcc-csm1-1","esmrcp85",3.01104245039945
2066,"heatflux","r1i1p1","bcc-csm1-1","esmrcp85",2.91437246402105
2067,"heatflux","r1i1p1","bcc-csm1-1","esmrcp85",2.95809511343638
2068,"heatflux","r1i1p1","bcc-csm1-1","esmrcp85",2.92127486069997
2069,"heatflux","r1i1p1","bcc-csm1-1","esmrcp85",2.61028118928274
2070,"heatflux","r1i1p1","bcc-csm1-1","esmrcp85",3.17414364094535
2071,"heatflux","r1i1p1","bcc-csm1-1","esmrcp85",2.96335354447365
2072,"heatflux","r1i1p1","bcc-csm1-1","esmrcp85",3.08329734702905
2073,"heatflux","r1i1p1","bcc-csm1-1","esmrcp85",3.22831370371083
2074,"heatflux","r1i1p1","bcc-csm1-1","esmrcp85",3.42851062615712
2075,"heatflux","r1i1p1","bcc-csm1-1","esmrcp85",3.14824249347051
2076,"heatflux","r1i1p1","bcc-csm1-1","esmrcp85",3.17762075861295
2077,"heatflux","r1i1p1","bcc-csm1-1","esmrcp85",3.72694183140993
2078,"heatflux","r1i1p1","bcc-csm1-1","esmrcp85",3.03598574797312
2079,"heatflux","r1i1p1","bcc-csm1-1","esmrcp85",3.23451219002406
2080,"heatflux","r1i1p1","bcc-csm1-1","esmrcp85",3.76877564191818
2081,"heatflux","r1i1p1","bcc-csm1-1","esmrcp85",3.65967437624931
2082,"heatflux","r1i1p1","bcc-csm1-1","esmrcp85",3.56522020697594
2083,"heatflux","r1i1p1","bcc-csm1-1","esmrcp85",3.32608119150003
2084,"heatflux","r1i1p1","bcc-csm1-1","esmrcp85",3.14994120101134
2085,"heatflux","r1i1p1","bcc-csm1-1","esmrcp85",3.34979480753342
2086,"heatflux","r1i1p1","bcc-csm1-1","esmrcp85",3.80612206459045
2087,"heatflux","r1i1p1","bcc-csm1-1","esmrcp85",3.37931245565414
2088,"heatflux","r1i1p1","bcc-csm1-1","esmrcp85",3.0767043530941
2089,"heatflux","r1i1p1","bcc-csm1-1","esmrcp85",3.78488242129485
2090,"heatflux","r1i1p1","bcc-csm1-1","esmrcp85",3.01126519342264
2091,"heatflux","r1i1p1","bcc-csm1-1","esmrcp85",3.45903095665077
2092,"heatflux","r1i1p1","bcc-csm1-1","esmrcp85",3.75683048864206
2093,"heatflux","r1i1p1","bcc-csm1-1","esmrcp85",2.96680683394273
2094,"heatflux","r1i1p1","bcc-csm1-1","esmrcp85",3.70398129088183
2095,"heatflux","r1i1p1","bcc-csm1-1","esmrcp85",3.17595818390449
2096,"heatflux","r1i1p1","bcc-csm1-1","esmrcp85",3.57709547877312
2097,"heatflux","r1i1p1","bcc-csm1-1","esmrcp85",3.70358741283417
2098,"heatflux","r1i1p1","bcc-csm1-1","esmrcp85",3.82065496593714
2099,"heatflux","r1i1p1","bcc-csm1-1","esmrcp85",3.41108623147011
2006,"heatflux","r1i1p1","GFDL-ESM2G","esmrcp85",2.38558228810628
2007,"heatflux","r1i1p1","GFDL-ESM2G","esmrcp85",3.06552092234294
2008,"heatflux","r1i1p1","GFDL-ESM2G","esmrcp85",2.25578594207764
2009,"heatflux","r1i1p1","GFDL-ESM2G","esmrcp85",1.36273441712062
2010,"heatflux","r1i1p1","GFDL-ESM2G","esmrcp85",3.36003991961479
2011,"heatflux","r1i1p1","GFDL-ESM2G","esmrcp85",2.17221168677012
2012,"heatflux","r1i1p1","GFDL-ESM2G","esmrcp85",1.83891881505648
2013,"heatflux","r1i1p1","GFDL-ESM2G","esmrcp85",3.03075145930052
2014,"heatflux","r1i1p1","GFDL-ESM2G","esmrcp85",2.65621974070867
2015,"heatflux","r1i1p1","GFDL-ESM2G","esmrcp85",3.03209616740545
2016,"heatflux","r1i1p1","GFDL-ESM2G","esmrcp85",2.22949943939845
2017,"heatflux","r1i1p1","GFDL-ESM2G","esmrcp85",2.36572123567263
2018,"heatflux","r1i1p1","GFDL-ESM2G","esmrcp85",3.17782406012217
2019,"heatflux","r1i1p1","GFDL-ESM2G","esmrcp85",2.75701300303141
2020,"heatflux","r1i1p1","GFDL-ESM2G","esmrcp85",2.13202148675919
2021,"heatflux","r1i1p1","GFDL-ESM2G","esmrcp85",2.40700681010882
2022,"heatflux","r1i1p1","GFDL-ESM2G","esmrcp85",2.42275136709213
2023,"heatflux","r1i1p1","GFDL-ESM2G","esmrcp85",3.08337783813477
2024,"heatflux","r1i1p1","GFDL-ESM2G","esmrcp85",3.28204407046239
2025,"heatflux","r1i1p1","GFDL-ESM2G","esmrcp85",3.26403899987539
2026,"heatflux","r1i1p1","GFDL-ESM2G","esmrcp85",2.77879828214645
2027,"heatflux","r1i1p1","GFDL-ESM2G","esmrcp85",2.44897564252218
2028,"heatflux","r1i1p1","GFDL-ESM2G","esmrcp85",2.55636010567347
2029,"heatflux","r1i1p1","GFDL-ESM2G","esmrcp85",2.7607117096583
2030,"heatflux","r1i1p1","GFDL-ESM2G","esmrcp85",3.40659626324972
2031,"heatflux","r1i1p1","GFDL-ESM2G","esmrcp85",2.49766530593236
2032,"heatflux","r1i1p1","GFDL-ESM2G","esmrcp85",2.26939046382904
2033,"heatflux","r1i1p1","GFDL-ESM2G","esmrcp85",3.30072186390559
2034,"heatflux","r1i1p1","GFDL-ESM2G","esmrcp85",2.8993058303992
2035,"heatflux","r1i1p1","GFDL-ESM2G","esmrcp85",2.73963532845179
2036,"heatflux","r1i1p1","GFDL-ESM2G","esmrcp85",3.61670380830765
2037,"heatflux","r1i1p1","GFDL-ESM2G","esmrcp85",2.73228760560354
2038,"heatflux","r1i1p1","GFDL-ESM2G","esmrcp85",2.69729143381119
2039,"heatflux","r1i1p1","GFDL-ESM2G","esmrcp85",3.21319117148717
2040,"heatflux","r1i1p1","GFDL-ESM2G","esmrcp85",3.63591643174489
2041,"heatflux","r1i1p1","GFDL-ESM2G","esmrcp85",2.29589019219081
2042,"heatflux","r1i1p1","GFDL-ESM2G","esmrcp85",3.18379537264506
2043,"heatflux","r1i1p1","GFDL-ESM2G","esmrcp85",3.89993271728357
2044,"heatflux","r1i1p1","GFDL-ESM2G","esmrcp85",3.00658275683721
2045,"heatflux","r1i1p1","GFDL-ESM2G","esmrcp85",3.18023131291072
2046,"heatflux","r1i1p1","GFDL-ESM2G","esmrcp85",3.2248619000117
2047,"heatflux","r1i1p1","GFDL-ESM2G","esmrcp85",3.14750252167384
2048,"heatflux","r1i1p1","GFDL-ESM2G","esmrcp85",3.40213750799497
2049,"heatflux","r1i1p1","GFDL-ESM2G","esmrcp85",3.13837424914042
2050,"heatflux","r1i1p1","GFDL-ESM2G","esmrcp85",3.71473257740339
2051,"heatflux","r1i1p1","GFDL-ESM2G","esmrcp85",3.06193629900614
2052,"heatflux","r1i1p1","GFDL-ESM2G","esmrcp85",3.17601422717174
2053,"heatflux","r1i1p1","GFDL-ESM2G","esmrcp85",3.2990026374658
2054,"heatflux","r1i1p1","GFDL-ESM2G","esmrcp85",3.34160465995471
2055,"heatflux","r1i1p1","GFDL-ESM2G","esmrcp85",4.00295109053453
2056,"heatflux","r1i1p1","GFDL-ESM2G","esmrcp85",3.40926764408747
2057,"heatflux","r1i1p1","GFDL-ESM2G","esmrcp85",3.51754500468572
2058,"heatflux","r1i1p1","GFDL-ESM2G","esmrcp85",3.63558388749758
2059,"heatflux","r1i1p1","GFDL-ESM2G","esmrcp85",3.7964553385973
2060,"heatflux","r1i1p1","GFDL-ESM2G","esmrcp85",3.36149203280608
2061,"heatflux","r1i1p1","GFDL-ESM2G","esmrcp85",2.82808019717534
2062,"heatflux","r1i1p1","GFDL-ESM2G","esmrcp85",4.10086802641551
2063,"heatflux","r1i1p1","GFDL-ESM2G","esmrcp85",4.222252368927
2064,"heatflux","r1i1p1","GFDL-ESM2G","esmrcp85",3.57533260186513
2065,"heatflux","r1i1p1","GFDL-ESM2G","esmrcp85",3.94147864977519
2066,"heatflux","r1i1p1","GFDL-ESM2G","esmrcp85",4.09768535693487
2067,"heatflux","r1i1p1","GFDL-ESM2G","esmrcp85",3.47181734442711
2068,"heatflux","r1i1p1","GFDL-ESM2G","esmrcp85",4.06407458583514
2069,"heatflux","r1i1p1","GFDL-ESM2G","esmrcp85",4.17606573303541
2070,"heatflux","r1i1p1","GFDL-ESM2G","esmrcp85",4.32413072387377
2071,"heatflux","r1i1p1","GFDL-ESM2G","esmrcp85",3.77205030123393
2072,"heatflux","r1i1p1","GFDL-ESM2G","esmrcp85",3.68605617185434
2073,"heatflux","r1i1p1","GFDL-ESM2G","esmrcp85",4.10891082882881
2074,"heatflux","r1i1p1","GFDL-ESM2G","esmrcp85",3.80386915057898
2075,"heatflux","r1i1p1","GFDL-ESM2G","esmrcp85",4.01175599296888
2076,"heatflux","r1i1p1","GFDL-ESM2G","esmrcp85",3.71455135941505
2077,"heatflux","r1i1p1","GFDL-ESM2G","esmrcp85",4.25391478836536
2078,"heatflux","r1i1p1","GFDL-ESM2G","esmrcp85",4.01809629797935
2079,"heatflux","r1i1p1","GFDL-ESM2G","esmrcp85",3.428496748209
2080,"heatflux","r1i1p1","GFDL-ESM2G","esmrcp85",4.09666831294696
2081,"heatflux","r1i1p1","GFDL-ESM2G","esmrcp85",3.92723223318656
2082,"heatflux","r1i1p1","GFDL-ESM2G","esmrcp85",4.64710983385642
2083,"heatflux","r1i1p1","GFDL-ESM2G","esmrcp85",4.01128932709495
2084,"heatflux","r1i1p1","GFDL-ESM2G","esmrcp85",3.89500001072884
2085,"heatflux","r1i1p1","GFDL-ESM2G","esmrcp85",4.23942970484495
2086,"heatflux","r1i1p1","GFDL-ESM2G","esmrcp85",3.78567557036877
2087,"heatflux","r1i1p1","GFDL-ESM2G","esmrcp85",4.28739083806674
2088,"heatflux","r1i1p1","GFDL-ESM2G","esmrcp85",3.28706550101439
2089,"heatflux","r1i1p1","GFDL-ESM2G","esmrcp85",5.15687863032023
2090,"heatflux","r1i1p1","GFDL-ESM2G","esmrcp85",3.71874841054281
2091,"heatflux","r1i1p1","GFDL-ESM2G","esmrcp85",3.81327532728513
2092,"heatflux","r1i1p1","GFDL-ESM2G","esmrcp85",4.59129347403844
2093,"heatflux","r1i1p1","GFDL-ESM2G","esmrcp85",4.61006392041842
2094,"heatflux","r1i1p1","GFDL-ESM2G","esmrcp85",4.23763692378998
2095,"heatflux","r1i1p1","GFDL-ESM2G","esmrcp85",3.6231561601162
2096,"heatflux","r1i1p1","GFDL-ESM2G","esmrcp85",4.05871606618166
2097,"heatflux","r1i1p1","GFDL-ESM2G","esmrcp85",4.61105685929457
2098,"heatflux","r1i1p1","GFDL-ESM2G","esmrcp85",4.18824460109075
2099,"heatflux","r1i1p1","GFDL-ESM2G","esmrcp85",5.06175795197487
2100,"heatflux","r1i1p1","GFDL-ESM2G","esmrcp85",4.20301931848129
2006,"heatflux","r1i1p1","MIROC-ESM","esmrcp85",2.54833571612835
2007,"heatflux","r1i1p1","MIROC-ESM","esmrcp85",3.24431447188059
2008,"heatflux","r1i1p1","MIROC-ESM","esmrcp85",3.03920217603445
2009,"heatflux","r1i1p1","MIROC-ESM","esmrcp85",2.51044508814812
2010,"heatflux","r1i1p1","MIROC-ESM","esmrcp85",3.14591073989868
2011,"heatflux","r1i1p1","MIROC-ESM","esmrcp85",3.51191127300262
2012,"heatflux","r1i1p1","MIROC-ESM","esmrcp85",2.98683158804973
2013,"heatflux","r1i1p1","MIROC-ESM","esmrcp85",3.11796333392461
2014,"heatflux","r1i1p1","MIROC-ESM","esmrcp85",3.60115874310335
2015,"heatflux","r1i1p1","MIROC-ESM","esmrcp85",2.80379371841749
2016,"heatflux","r1i1p1","MIROC-ESM","esmrcp85",3.36017976204554
2017,"heatflux","r1i1p1","MIROC-ESM","esmrcp85",3.49205036958059
2018,"heatflux","r1i1p1","MIROC-ESM","esmrcp85",3.27836177001397
2019,"heatflux","r1i1p1","MIROC-ESM","esmrcp85",2.9923250079155
2020,"heatflux","r1i1p1","MIROC-ESM","esmrcp85",3.74843734502792
2021,"heatflux","r1i1p1","MIROC-ESM","esmrcp85",3.45374165475368
2022,"heatflux","r1i1p1","MIROC-ESM","esmrcp85",3.73354980101188
2023,"heatflux","r1i1p1","MIROC-ESM","esmrcp85",3.73574721813202
2024,"heatflux","r1i1p1","MIROC-ESM","esmrcp85",3.32636732856433
2025,"heatflux","r1i1p1","MIROC-ESM","esmrcp85",3.71433764696121
2026,"heatflux","r1i1p1","MIROC-ESM","esmrcp85",3.9949648976326
2027,"heatflux","r1i1p1","MIROC-ESM","esmrcp85",3.62601931889852
2028,"heatflux","r1i1p1","MIROC-ESM","esmrcp85",3.56005432208379
2029,"heatflux","r1i1p1","MIROC-ESM","esmrcp85",3.98013371725877
2030,"heatflux","r1i1p1","MIROC-ESM","esmrcp85",3.57211315569778
2031,"heatflux","r1i1p1","MIROC-ESM","esmrcp85",3.76692189772924
2032,"heatflux","r1i1p1","MIROC-ESM","esmrcp85",4.00235052903493
2033,"heatflux","r1i1p1","MIROC-ESM","esmrcp85",3.80181086063385
2034,"heatflux","r1i1p1","MIROC-ESM","esmrcp85",4.27051179607709
2035,"heatflux","r1i1p1","MIROC-ESM","esmrcp85",3.68606394032637
2036,"heatflux","r1i1p1","MIROC-ESM","esmrcp85",4.19050369411707
2037,"heatflux","r1i1p1","MIROC-ESM","esmrcp85",4.41389332214991
2038,"heatflux","r1i1p1","MIROC-ESM","esmrcp85",4.02068518598874
2039,"heatflux","r1i1p1","MIROC-ESM","esmrcp85",4.31556896368663
2040,"heatflux","r1i1p1","MIROC-ESM","esmrcp85",4.27740759650866
2041,"heatflux","r1i1p1","MIROC-ESM","esmrcp85",3.95653109997511
2042,"heatflux","r1i1p1","MIROC-ESM","esmrcp85",4.27684391538302
2043,"heatflux","r1i1p1","MIROC-ESM","esmrcp85",4.50454763571421
2044,"heatflux","r1i1p1","MIROC-ESM","esmrcp85",4.79622569680214
2045,"heatflux","r1i1p1","MIROC-ESM","esmrcp85",4.69468233982722
2046,"heatflux","r1i1p1","MIROC-ESM","esmrcp85",4.85689050952594
2047,"heatflux","r1i1p1","MIROC-ESM","esmrcp85",4.06766120592753
2048,"heatflux","r1i1p1","MIROC-ESM","esmrcp85",4.50158018867175
2049,"heatflux","r1i1p1","MIROC-ESM","esmrcp85",4.15819412966569
2050,"heatflux","r1i1p1","MIROC-ESM","esmrcp85",4.79078964392344
2051,"heatflux","r1i1p1","MIROC-ESM","esmrcp85",4.80345839262009
2052,"heatflux","r1i1p1","MIROC-ESM","esmrcp85",4.80559893449148
2053,"heatflux","r1i1p1","MIROC-ESM","esmrcp85",4.74016696214676
2054,"heatflux","r1i1p1","MIROC-ESM","esmrcp85",4.82794161637624
2055,"heatflux","r1i1p1","MIROC-ESM","esmrcp85",4.66262725989024
2056,"heatflux","r1i1p1","MIROC-ESM","esmrcp85",4.40794183810552
2057,"heatflux","r1i1p1","MIROC-ESM","esmrcp85",4.87236999471982
2058,"heatflux","r1i1p1","MIROC-ESM","esmrcp85",4.89026314020157
2059,"heatflux","r1i1p1","MIROC-ESM","esmrcp85",4.83450148502986
2060,"heatflux","r1i1p1","MIROC-ESM","esmrcp85",5.02643405894438
2061,"heatflux","r1i1p1","MIROC-ESM","esmrcp85",4.74031627178192
2062,"heatflux","r1i1p1","MIROC-ESM","esmrcp85",5.44578353563945
2063,"heatflux","r1i1p1","MIROC-ESM","esmrcp85",5.29080258806546
2064,"heatflux","r1i1p1","MIROC-ESM","esmrcp85",5.62167491515477
2065,"heatflux","r1i1p1","MIROC-ESM","esmrcp85",5.22586125135422
2066,"heatflux","r1i1p1","MIROC-ESM","esmrcp85",4.79248507817586
2067,"heatflux","r1i1p1","MIROC-ESM","esmrcp85",5.42817091941833
2068,"heatflux","r1i1p1","MIROC-ESM","esmrcp85",5.34703767299652
2069,"heatflux","r1i1p1","MIROC-ESM","esmrcp85",5.6181077559789
2070,"heatflux","r1i1p1","MIROC-ESM","esmrcp85",5.89768548806508
2071,"heatflux","r1i1p1","MIROC-ESM","esmrcp85",5.80077265202999
2072,"heatflux","r1i1p1","MIROC-ESM","esmrcp85",5.98765637477239
2073,"heatflux","r1i1p1","MIROC-ESM","esmrcp85",5.35963017741839
2074,"heatflux","r1i1p1","MIROC-ESM","esmrcp85",5.20515070358912
2075,"heatflux","r1i1p1","MIROC-ESM","esmrcp85",5.86219280958176
2076,"heatflux","r1i1p1","MIROC-ESM","esmrcp85",6.10120568672816
2077,"heatflux","r1i1p1","MIROC-ESM","esmrcp85",5.7868869304657
2078,"heatflux","r1i1p1","MIROC-ESM","esmrcp85",6.02724748849869
2079,"heatflux","r1i1p1","MIROC-ESM","esmrcp85",5.93294177452723
2080,"heatflux","r1i1p1","MIROC-ESM","esmrcp85",5.50571595629056
2081,"heatflux","r1i1p1","MIROC-ESM","esmrcp85",6.07239792744319
2082,"heatflux","r1i1p1","MIROC-ESM","esmrcp85",6.31492550174395
2083,"heatflux","r1i1p1","MIROC-ESM","esmrcp85",6.68336979548136
2084,"heatflux","r1i1p1","MIROC-ESM","esmrcp85",6.15109519163768
2085,"heatflux","r1i1p1","MIROC-ESM","esmrcp85",6.40705579519272
2086,"heatflux","r1i1p1","MIROC-ESM","esmrcp85",6.22208348910014
2087,"heatflux","r1i1p1","MIROC-ESM","esmrcp85",6.54139946897825
2088,"heatflux","r1i1p1","MIROC-ESM","esmrcp85",6.39466796070337
2089,"heatflux","r1i1p1","MIROC-ESM","esmrcp85",6.63915225863457
2090,"heatflux","r1i1p1","MIROC-ESM","esmrcp85",6.73873476187388
2091,"heatflux","r1i1p1","MIROC-ESM","esmrcp85",6.74845283230146
2092,"heatflux","r1i1p1","MIROC-ESM","esmrcp85",6.29092088341713
2093,"heatflux","r1i1p1","MIROC-ESM","esmrcp85",6.74646759033203
2094,"heatflux","r1i1p1","MIROC-ESM","esmrcp85",6.5145982503891
2095,"heatflux","r1i1p1","MIROC-ESM","esmrcp85",6.51631018022696
2096,"heatflux","r1i1p1","MIROC-ESM","esmrcp85",6.51664856076241
2097,"heatflux","r1i1p1","MIROC-ESM","esmrcp85",7.01038458446662
2098,"heatflux","r1i1p1","MIROC-ESM","esmrcp85",6.82168317834536
2099,"heatflux","r1i1p1","MIROC-ESM","esmrcp85",6.84253317614396
2100,"heatflux","r1i1p1","MIROC-ESM","esmrcp85",6.640248944362
2006,"heatflux","r1i1p1","NorESM1-ME","esmrcp85",1.27292122940222
2007,"heatflux","r1i1p1","NorESM1-ME","esmrcp85",1.37989056110382
2008,"heatflux","r1i1p1","NorESM1-ME","esmrcp85",1.7070934039851
2009,"heatflux","r1i1p1","NorESM1-ME","esmrcp85",1.54632066190243
2010,"heatflux","r1i1p1","NorESM1-ME","esmrcp85",2.92650160193443
2011,"heatflux","r1i1p1","NorESM1-ME","esmrcp85",2.97681726018588
2012,"heatflux","r1i1p1","NorESM1-ME","esmrcp85",2.35726116100947
2013,"heatflux","r1i1p1","NorESM1-ME","esmrcp85",2.09977350446085
2014,"heatflux","r1i1p1","NorESM1-ME","esmrcp85",2.89707243442535
2015,"heatflux","r1i1p1","NorESM1-ME","esmrcp85",2.29735257228216
2016,"heatflux","r1i1p1","NorESM1-ME","esmrcp85",1.71171929438909
2017,"heatflux","r1i1p1","NorESM1-ME","esmrcp85",2.05723510185877
2018,"heatflux","r1i1p1","NorESM1-ME","esmrcp85",2.56814340750376
2019,"heatflux","r1i1p1","NorESM1-ME","esmrcp85",2.58132854104042
2020,"heatflux","r1i1p1","NorESM1-ME","esmrcp85",3.01482584079107
2021,"heatflux","r1i1p1","NorESM1-ME","esmrcp85",2.16751550634702
2022,"heatflux","r1i1p1","NorESM1-ME","esmrcp85",2.43565690517426
2023,"heatflux","r1i1p1","NorESM1-ME","esmrcp85",2.72197974721591
2024,"heatflux","r1i1p1","NorESM1-ME","esmrcp85",2.26519860823949
2025,"heatflux","r1i1p1","NorESM1-ME","esmrcp85",2.68922694524129
2026,"heatflux","r1i1p1","NorESM1-ME","esmrcp85",3.28365155061086
2027,"heatflux","r1i1p1","NorESM1-ME","esmrcp85",3.36807445685069
2028,"heatflux","r1i1p1","NorESM1-ME","esmrcp85",2.84034032622973
2029,"heatflux","r1i1p1","NorESM1-ME","esmrcp85",2.73079792161783
2030,"heatflux","r1i1p1","NorESM1-ME","esmrcp85",2.72847525278727
2031,"heatflux","r1i1p1","NorESM1-ME","esmrcp85",3.0861475666364
2032,"heatflux","r1i1p1","NorESM1-ME","esmrcp85",2.90572384993235
2033,"heatflux","r1i1p1","NorESM1-ME","esmrcp85",2.48565462231636
2034,"heatflux","r1i1p1","NorESM1-ME","esmrcp85",2.80002868175507
2035,"heatflux","r1i1p1","NorESM1-ME","esmrcp85",3.02956937750181
2036,"heatflux","r1i1p1","NorESM1-ME","esmrcp85",4.00358521938324
2037,"heatflux","r1i1p1","NorESM1-ME","esmrcp85",2.86232244968414
2038,"heatflux","r1i1p1","NorESM1-ME","esmrcp85",3.43024261792501
2039,"heatflux","r1i1p1","NorESM1-ME","esmrcp85",3.52129010359446
2040,"heatflux","r1i1p1","NorESM1-ME","esmrcp85",3.03449612359206
2041,"heatflux","r1i1p1","NorESM1-ME","esmrcp85",3.28062638640404
2042,"heatflux","r1i1p1","NorESM1-ME","esmrcp85",3.53071947892507
2043,"heatflux","r1i1p1","NorESM1-ME","esmrcp85",3.78359328707059
2044,"heatflux","r1i1p1","NorESM1-ME","esmrcp85",4.108715792497
2045,"heatflux","r1i1p1","NorESM1-ME","esmrcp85",3.87942083676656
2046,"heatflux","r1i1p1","NorESM1-ME","esmrcp85",3.70170013109843
2047,"heatflux","r1i1p1","NorESM1-ME","esmrcp85",3.41766913731893
2048,"heatflux","r1i1p1","NorESM1-ME","esmrcp85",3.39651834964752
2049,"heatflux","r1i1p1","NorESM1-ME","esmrcp85",3.7290087044239
2050,"heatflux","r1i1p1","NorESM1-ME","esmrcp85",3.73455970486005
2051,"heatflux","r1i1p1","NorESM1-ME","esmrcp85",3.96994471549988
2052,"heatflux","r1i1p1","NorESM1-ME","esmrcp85",3.51241329312325
2053,"heatflux","r1i1p1","NorESM1-ME","esmrcp85",3.31600759426753
2054,"heatflux","r1i1p1","NorESM1-ME","esmrcp85",3.61599790056547
2055,"heatflux","r1i1p1","NorESM1-ME","esmrcp85",3.99597290158272
2056,"heatflux","r1i1p1","NorESM1-ME","esmrcp85",4.36577986180782
2057,"heatflux","r1i1p1","NorESM1-ME","esmrcp85",4.17942970991135
2058,"heatflux","r1i1p1","NorESM1-ME","esmrcp85",3.92526537179947
2059,"heatflux","r1i1p1","NorESM1-ME","esmrcp85",4.44872967898846
2060,"heatflux","r1i1p1","NorESM1-ME","esmrcp85",4.52181826035182
2061,"heatflux","r1i1p1","NorESM1-ME","esmrcp85",4.30383388201396
2062,"heatflux","r1i1p1","NorESM1-ME","esmrcp85",3.10299243529638
2063,"heatflux","r1i1p1","NorESM1-ME","esmrcp85",3.64005216956139
2064,"heatflux","r1i1p1","NorESM1-ME","esmrcp85",4.6808763941129
2065,"heatflux","r1i1p1","NorESM1-ME","esmrcp85",4.6769526998202
2066,"heatflux","r1i1p1","NorESM1-ME","esmrcp85",4.42977217833201
2067,"heatflux","r1i1p1","NorESM1-ME","esmrcp85",4.10810871918996
2068,"heatflux","r1i1p1","NorESM1-ME","esmrcp85",3.84024222691854
2069,"heatflux","r1i1p1","NorESM1-ME","esmrcp85",4.27275521556536
2070,"heatflux","r1i1p1","NorESM1-ME","esmrcp85",4.2216199239095
2071,"heatflux","r1i1p1","NorESM1-ME","esmrcp85",4.77510545651118
2072,"heatflux","r1i1p1","NorESM1-ME","esmrcp85",5.02262167135874
2073,"heatflux","r1i1p1","NorESM1-ME","esmrcp85",4.02534020940463
2074,"heatflux","r1i1p1","NorESM1-ME","esmrcp85",3.7226073940595
2075,"heatflux","r1i1p1","NorESM1-ME","esmrcp85",4.62775741020838
2076,"heatflux","r1i1p1","NorESM1-ME","esmrcp85",4.74527581532796
2077,"heatflux","r1i1p1","NorESM1-ME","esmrcp85",4.97129076719284
2078,"heatflux","r1i1p1","NorESM1-ME","esmrcp85",4.47269940376282
2079,"heatflux","r1i1p1","NorESM1-ME","esmrcp85",4.01324497660001
2080,"heatflux","r1i1p1","NorESM1-ME","esmrcp85",5.22348421812057
2081,"heatflux","r1i1p1","NorESM1-ME","esmrcp85",5.46872415145238
2082,"heatflux","r1i1p1","NorESM1-ME","esmrcp85",4.68726607163747
2083,"heatflux","r1i1p1","NorESM1-ME","esmrcp85",4.16902869939804
2084,"heatflux","r1i1p1","NorESM1-ME","esmrcp85",4.66577649116516
2085,"heatflux","r1i1p1","NorESM1-ME","esmrcp85",4.97577303647995
2086,"heatflux","r1i1p1","NorESM1-ME","esmrcp85",5.16539522012075
2087,"heatflux","r1i1p1","NorESM1-ME","esmrcp85",5.17462229728699
2088,"heatflux","r1i1p1","NorESM1-ME","esmrcp85",4.97420436143875
2089,"heatflux","r1i1p1","NorESM1-ME","esmrcp85",4.90668125947316
2090,"heatflux","r1i1p1","NorESM1-ME","esmrcp85",5.12049371004105
2091,"heatflux","r1i1p1","NorESM1-ME","esmrcp85",4.89943993091583
2092,"heatflux","r1i1p1","NorESM1-ME","esmrcp85",4.61135673522949
2093,"heatflux","r1i1p1","NorESM1-ME","esmrcp85",4.70732055107753
2094,"heatflux","r1i1p1","NorESM1-ME","esmrcp85",4.88015166918437
2095,"heatflux","r1i1p1","NorESM1-ME","esmrcp85",5.28967702388763
2096,"heatflux","r1i1p1","NorESM1-ME","esmrcp85",5.72182401021322
2097,"heatflux","r1i1p1","NorESM1-ME","esmrcp85",4.95432762304942
2098,"heatflux","r1i1p1","NorESM1-ME","esmrcp85",4.93718673785528
2099,"heatflux","r1i1p1","NorESM1-ME","esmrcp85",5.380519926548
2100,"heatflux","r1i1p1","NorESM1-ME","esmrcp85",5.23084431886673
1850,"heatflux","r2i1p1","MIROC-ESM","esmHistorical",2.04024610916773
1851,"heatflux","r2i1p1","MIROC-ESM","esmHistorical",2.46505153179169
1852,"heatflux","r2i1p1","MIROC-ESM","esmHistorical",1.51029844085375
1853,"heatflux","r2i1p1","MIROC-ESM","esmHistorical",1.56911826133728
1854,"heatflux","r2i1p1","MIROC-ESM","esmHistorical",1.90553299585978
1855,"heatflux","r2i1p1","MIROC-ESM","esmHistorical",1.90379636486371
1856,"heatflux","r2i1p1","MIROC-ESM","esmHistorical",0.828817486763
1857,"heatflux","r2i1p1","MIROC-ESM","esmHistorical",1.51617151498795
1858,"heatflux","r2i1p1","MIROC-ESM","esmHistorical",1.74049512545268
1859,"heatflux","r2i1p1","MIROC-ESM","esmHistorical",1.77780330181122
1860,"heatflux","r2i1p1","MIROC-ESM","esmHistorical",1.89020694295565
1861,"heatflux","r2i1p1","MIROC-ESM","esmHistorical",2.24506863951683
1862,"heatflux","r2i1p1","MIROC-ESM","esmHistorical",1.70808600385984
1863,"heatflux","r2i1p1","MIROC-ESM","esmHistorical",2.48069876929124
1864,"heatflux","r2i1p1","MIROC-ESM","esmHistorical",2.02105076114337
1865,"heatflux","r2i1p1","MIROC-ESM","esmHistorical",2.009335120519
1866,"heatflux","r2i1p1","MIROC-ESM","esmHistorical",1.75776175657908
1867,"heatflux","r2i1p1","MIROC-ESM","esmHistorical",1.90172929161539
1868,"heatflux","r2i1p1","MIROC-ESM","esmHistorical",2.48648682236671
1869,"heatflux","r2i1p1","MIROC-ESM","esmHistorical",2.12927606080969
1870,"heatflux","r2i1p1","MIROC-ESM","esmHistorical",1.93121385574341
1871,"heatflux","r2i1p1","MIROC-ESM","esmHistorical",1.73818530639013
1872,"heatflux","r2i1p1","MIROC-ESM","esmHistorical",2.26538749535879
1873,"heatflux","r2i1p1","MIROC-ESM","esmHistorical",2.05085521936417
1874,"heatflux","r2i1p1","MIROC-ESM","esmHistorical",1.74067552387714
1875,"heatflux","r2i1p1","MIROC-ESM","esmHistorical",1.88987908015649
1876,"heatflux","r2i1p1","MIROC-ESM","esmHistorical",1.61002496878306
1877,"heatflux","r2i1p1","MIROC-ESM","esmHistorical",2.13591726620992
1878,"heatflux","r2i1p1","MIROC-ESM","esmHistorical",2.46420403321584
1879,"heatflux","r2i1p1","MIROC-ESM","esmHistorical",2.03837424516678
1880,"heatflux","r2i1p1","MIROC-ESM","esmHistorical",2.303542137146
1881,"heatflux","r2i1p1","MIROC-ESM","esmHistorical",2.4311677912871
1882,"heatflux","r2i1p1","MIROC-ESM","esmHistorical",2.12541365623474
1883,"heatflux","r2i1p1","MIROC-ESM","esmHistorical",1.20246485372384
1884,"heatflux","r2i1p1","MIROC-ESM","esmHistorical",-0.394530763228734
1885,"heatflux","r2i1p1","MIROC-ESM","esmHistorical",1.1586345632871
1886,"heatflux","r2i1p1","MIROC-ESM","esmHistorical",2.05558949708939
1887,"heatflux","r2i1p1","MIROC-ESM","esmHistorical",0.818270603815714
1888,"heatflux","r2i1p1","MIROC-ESM","esmHistorical",1.39790576696396
1889,"heatflux","r2i1p1","MIROC-ESM","esmHistorical",2.24803563455741
1890,"heatflux","r2i1p1","MIROC-ESM","esmHistorical",1.79246350874503
1891,"heatflux","r2i1p1","MIROC-ESM","esmHistorical",1.61675051848094
1892,"heatflux","r2i1p1","MIROC-ESM","esmHistorical",1.70880792538325
1893,"heatflux","r2i1p1","MIROC-ESM","esmHistorical",2.6330951154232
1894,"heatflux","r2i1p1","MIROC-ESM","esmHistorical",2.07269344727198
1895,"heatflux","r2i1p1","MIROC-ESM","esmHistorical",2.22278244855503
1896,"heatflux","r2i1p1","MIROC-ESM","esmHistorical",1.56032927831014
1897,"heatflux","r2i1p1","MIROC-ESM","esmHistorical",1.74943889304996
1898,"heatflux","r2i1p1","MIROC-ESM","esmHistorical",1.04105150699615
1899,"heatflux","r2i1p1","MIROC-ESM","esmHistorical",2.3389871319135
1900,"heatflux","r2i1p1","MIROC-ESM","esmHistorical",2.21002614994844
1901,"heatflux","r2i1p1","MIROC-ESM","esmHistorical",2.27065332730611
1902,"heatflux","r2i1p1","MIROC-ESM","esmHistorical",1.28159526983897
1903,"heatflux","r2i1p1","MIROC-ESM","esmHistorical",0.941362912300974
1904,"heatflux","r2i1p1","MIROC-ESM","esmHistorical",1.70737524827321
1905,"heatflux","r2i1p1","MIROC-ESM","esmHistorical",2.07427644729614
1906,"heatflux","r2i1p1","MIROC-ESM","esmHistorical",2.05422273278236
1907,"heatflux","r2i1p1","MIROC-ESM","esmHistorical",2.19747997323672
1908,"heatflux","r2i1p1","MIROC-ESM","esmHistorical",2.05506903802355
1909,"heatflux","r2i1p1","MIROC-ESM","esmHistorical",1.98797417680422
1910,"heatflux","r2i1p1","MIROC-ESM","esmHistorical",1.86038949092229
1911,"heatflux","r2i1p1","MIROC-ESM","esmHistorical",2.3554153094689
1912,"heatflux","r2i1p1","MIROC-ESM","esmHistorical",1.49805144468943
1913,"heatflux","r2i1p1","MIROC-ESM","esmHistorical",1.66076060136159
1914,"heatflux","r2i1p1","MIROC-ESM","esmHistorical",1.80253350734711
1915,"heatflux","r2i1p1","MIROC-ESM","esmHistorical",2.0697171377639
1916,"heatflux","r2i1p1","MIROC-ESM","esmHistorical",3.29874144246181
1917,"heatflux","r2i1p1","MIROC-ESM","esmHistorical",2.48459207514922
1918,"heatflux","r2i1p1","MIROC-ESM","esmHistorical",2.22920902818441
1919,"heatflux","r2i1p1","MIROC-ESM","esmHistorical",2.15145790576935
1920,"heatflux","r2i1p1","MIROC-ESM","esmHistorical",2.62216575443745
1921,"heatflux","r2i1p1","MIROC-ESM","esmHistorical",1.88182391722997
1922,"heatflux","r2i1p1","MIROC-ESM","esmHistorical",2.08978132406871
1923,"heatflux","r2i1p1","MIROC-ESM","esmHistorical",2.51284350951513
1924,"heatflux","r2i1p1","MIROC-ESM","esmHistorical",2.13375553488731
1925,"heatflux","r2i1p1","MIROC-ESM","esmHistorical",1.57871784766515
1926,"heatflux","r2i1p1","MIROC-ESM","esmHistorical",2.43100395736595
1927,"heatflux","r2i1p1","MIROC-ESM","esmHistorical",2.0725623468558
1928,"heatflux","r2i1p1","MIROC-ESM","esmHistorical",1.98230442404747
1929,"heatflux","r2i1p1","MIROC-ESM","esmHistorical",1.7494136095047
1930,"heatflux","r2i1p1","MIROC-ESM","esmHistorical",2.3316052009662
1931,"heatflux","r2i1p1","MIROC-ESM","esmHistorical",2.48637492458026
1932,"heatflux","r2i1p1","MIROC-ESM","esmHistorical",2.06249213218689
1933,"heatflux","r2i1p1","MIROC-ESM","esmHistorical",1.75502814849218
1934,"heatflux","r2i1p1","MIROC-ESM","esmHistorical",2.41362675248335
1935,"heatflux","r2i1p1","MIROC-ESM","esmHistorical",1.64275260766347
1936,"heatflux","r2i1p1","MIROC-ESM","esmHistorical",2.21574854726593
1937,"heatflux","r2i1p1","MIROC-ESM","esmHistorical",2.47418603797754
1938,"heatflux","r2i1p1","MIROC-ESM","esmHistorical",2.26017048458258
1939,"heatflux","r2i1p1","MIROC-ESM","esmHistorical",1.74197888374329
1940,"heatflux","r2i1p1","MIROC-ESM","esmHistorical",1.96854639053345
1941,"heatflux","r2i1p1","MIROC-ESM","esmHistorical",2.27587081988653
1942,"heatflux","r2i1p1","MIROC-ESM","esmHistorical",2.35556762230893
1943,"heatflux","r2i1p1","MIROC-ESM","esmHistorical",1.7291504520302
1944,"heatflux","r2i1p1","MIROC-ESM","esmHistorical",2.44699350992839
1945,"heatflux","r2i1p1","MIROC-ESM","esmHistorical",1.98410264650981
1946,"heatflux","r2i1p1","MIROC-ESM","esmHistorical",2.12661435206731
1947,"heatflux","r2i1p1","MIROC-ESM","esmHistorical",2.54860799511274
1948,"heatflux","r2i1p1","MIROC-ESM","esmHistorical",2.71582455436389
1949,"heatflux","r2i1p1","MIROC-ESM","esmHistorical",2.3987508614858
1950,"heatflux","r2i1p1","MIROC-ESM","esmHistorical",1.95109881957372
1951,"heatflux","r2i1p1","MIROC-ESM","esmHistorical",1.74377425511678
1952,"heatflux","r2i1p1","MIROC-ESM","esmHistorical",2.30347926914692
1953,"heatflux","r2i1p1","MIROC-ESM","esmHistorical",2.18451734383901
1954,"heatflux","r2i1p1","MIROC-ESM","esmHistorical",2.59188753863176
1955,"heatflux","r2i1p1","MIROC-ESM","esmHistorical",1.99028377731641
1956,"heatflux","r2i1p1","MIROC-ESM","esmHistorical",3.00411312282085
1957,"heatflux","r2i1p1","MIROC-ESM","esmHistorical",2.32322829961777
1958,"heatflux","r2i1p1","MIROC-ESM","esmHistorical",1.9283419251442
1959,"heatflux","r2i1p1","MIROC-ESM","esmHistorical",1.9656814734141
1960,"heatflux","r2i1p1","MIROC-ESM","esmHistorical",2.48615873853366
1961,"heatflux","r2i1p1","MIROC-ESM","esmHistorical",1.68816486994425
1962,"heatflux","r2i1p1","MIROC-ESM","esmHistorical",2.25530242919922
1963,"heatflux","r2i1p1","MIROC-ESM","esmHistorical",1.18407283226649
1964,"heatflux","r2i1p1","MIROC-ESM","esmHistorical",0.946747442086538
1965,"heatflux","r2i1p1","MIROC-ESM","esmHistorical",1.58589647213618
1966,"heatflux","r2i1p1","MIROC-ESM","esmHistorical",2.16809258858363
1967,"heatflux","r2i1p1","MIROC-ESM","esmHistorical",2.37986277540525
1968,"heatflux","r2i1p1","MIROC-ESM","esmHistorical",1.79280197620392
1969,"heatflux","r2i1p1","MIROC-ESM","esmHistorical",1.88292014598846
1970,"heatflux","r2i1p1","MIROC-ESM","esmHistorical",2.47037895520528
1971,"heatflux","r2i1p1","MIROC-ESM","esmHistorical",3.10498022039731
1972,"heatflux","r2i1p1","MIROC-ESM","esmHistorical",2.55949910481771
1973,"heatflux","r2i1p1","MIROC-ESM","esmHistorical",2.10761459171772
1974,"heatflux","r2i1p1","MIROC-ESM","esmHistorical",2.02286867300669
1975,"heatflux","r2i1p1","MIROC-ESM","esmHistorical",2.01150866349538
1976,"heatflux","r2i1p1","MIROC-ESM","esmHistorical",2.46911822756132
1977,"heatflux","r2i1p1","MIROC-ESM","esmHistorical",2.64281885450085
1978,"heatflux","r2i1p1","MIROC-ESM","esmHistorical",2.58328745979816
1979,"heatflux","r2i1p1","MIROC-ESM","esmHistorical",2.59048057595889
1980,"heatflux","r2i1p1","MIROC-ESM","esmHistorical",2.18238937854767
1981,"heatflux","r2i1p1","MIROC-ESM","esmHistorical",2.65405267477036
1982,"heatflux","r2i1p1","MIROC-ESM","esmHistorical",1.48028115431468
1983,"heatflux","r2i1p1","MIROC-ESM","esmHistorical",1.82067735989889
1984,"heatflux","r2i1p1","MIROC-ESM","esmHistorical",1.95106279850006
1985,"heatflux","r2i1p1","MIROC-ESM","esmHistorical",2.38986398776372
1986,"heatflux","r2i1p1","MIROC-ESM","esmHistorical",3.02642104029655
1987,"heatflux","r2i1p1","MIROC-ESM","esmHistorical",3.09599660833677
1988,"heatflux","r2i1p1","MIROC-ESM","esmHistorical",1.92516494790713
1989,"heatflux","r2i1p1","MIROC-ESM","esmHistorical",3.01592356463273
1990,"heatflux","r2i1p1","MIROC-ESM","esmHistorical",2.33840831120809
1991,"heatflux","r2i1p1","MIROC-ESM","esmHistorical",1.94640990098317
1992,"heatflux","r2i1p1","MIROC-ESM","esmHistorical",0.68209445476532
1993,"heatflux","r2i1p1","MIROC-ESM","esmHistorical",2.24202994505564
1994,"heatflux","r2i1p1","MIROC-ESM","esmHistorical",2.8386726975441
1995,"heatflux","r2i1p1","MIROC-ESM","esmHistorical",2.3774657001098
1996,"heatflux","r2i1p1","MIROC-ESM","esmHistorical",3.07955025571088
1997,"heatflux","r2i1p1","MIROC-ESM","esmHistorical",2.99451033274333
1998,"heatflux","r2i1p1","MIROC-ESM","esmHistorical",3.26703319946925
1999,"heatflux","r2i1p1","MIROC-ESM","esmHistorical",3.39310619235039
2000,"heatflux","r2i1p1","MIROC-ESM","esmHistorical",2.85458778341611
2001,"heatflux","r2i1p1","MIROC-ESM","esmHistorical",2.69554805755615
2002,"heatflux","r2i1p1","MIROC-ESM","esmHistorical",3.53758629163106
2003,"heatflux","r2i1p1","MIROC-ESM","esmHistorical",3.28093902269999
2004,"heatflux","r2i1p1","MIROC-ESM","esmHistorical",1.98095858097076
2005,"heatflux","r2i1p1","MIROC-ESM","esmHistorical",2.4950289328893
1850,"heatflux","r3i1p1","MIROC-ESM","esmHistorical",1.88004824751988
1851,"heatflux","r3i1p1","MIROC-ESM","esmHistorical",2.09112612406413
1852,"heatflux","r3i1p1","MIROC-ESM","esmHistorical",2.02121567726135
1853,"heatflux","r3i1p1","MIROC-ESM","esmHistorical",2.04818616807461
1854,"heatflux","r3i1p1","MIROC-ESM","esmHistorical",2.1528611779213
1855,"heatflux","r3i1p1","MIROC-ESM","esmHistorical",2.23293762405713
1856,"heatflux","r3i1p1","MIROC-ESM","esmHistorical",1.02958916624387
1857,"heatflux","r3i1p1","MIROC-ESM","esmHistorical",1.53857511778673
1858,"heatflux","r3i1p1","MIROC-ESM","esmHistorical",1.14770599206289
1859,"heatflux","r3i1p1","MIROC-ESM","esmHistorical",2.10463957985242
1860,"heatflux","r3i1p1","MIROC-ESM","esmHistorical",2.36275851726532
1861,"heatflux","r3i1p1","MIROC-ESM","esmHistorical",1.98484812180201
1862,"heatflux","r3i1p1","MIROC-ESM","esmHistorical",1.56249177455902
1863,"heatflux","r3i1p1","MIROC-ESM","esmHistorical",1.71261417865753
1864,"heatflux","r3i1p1","MIROC-ESM","esmHistorical",2.00077519814173
1865,"heatflux","r3i1p1","MIROC-ESM","esmHistorical",2.67738495270411
1866,"heatflux","r3i1p1","MIROC-ESM","esmHistorical",2.22593951225281
1867,"heatflux","r3i1p1","MIROC-ESM","esmHistorical",2.29654316107432
1868,"heatflux","r3i1p1","MIROC-ESM","esmHistorical",2.33910429477692
1869,"heatflux","r3i1p1","MIROC-ESM","esmHistorical",1.59455946522454
1870,"heatflux","r3i1p1","MIROC-ESM","esmHistorical",1.91981230179469
1871,"heatflux","r3i1p1","MIROC-ESM","esmHistorical",2.43407571315765
1872,"heatflux","r3i1p1","MIROC-ESM","esmHistorical",1.64066125949224
1873,"heatflux","r3i1p1","MIROC-ESM","esmHistorical",2.02605148156484
1874,"heatflux","r3i1p1","MIROC-ESM","esmHistorical",1.76174845298131
1875,"heatflux","r3i1p1","MIROC-ESM","esmHistorical",2.13215012351672
1876,"heatflux","r3i1p1","MIROC-ESM","esmHistorical",1.82513928413391
1877,"heatflux","r3i1p1","MIROC-ESM","esmHistorical",1.591222067674
1878,"heatflux","r3i1p1","MIROC-ESM","esmHistorical",1.72374814748764
1879,"heatflux","r3i1p1","MIROC-ESM","esmHistorical",1.95236027240753
1880,"heatflux","r3i1p1","MIROC-ESM","esmHistorical",1.77667968471845
1881,"heatflux","r3i1p1","MIROC-ESM","esmHistorical",1.78679841756821
1882,"heatflux","r3i1p1","MIROC-ESM","esmHistorical",1.87499751647313
1883,"heatflux","r3i1p1","MIROC-ESM","esmHistorical",1.58040054390828
1884,"heatflux","r3i1p1","MIROC-ESM","esmHistorical",-0.578390697638194
1885,"heatflux","r3i1p1","MIROC-ESM","esmHistorical",1.45209694902102
1886,"heatflux","r3i1p1","MIROC-ESM","esmHistorical",0.950333298494418
1887,"heatflux","r3i1p1","MIROC-ESM","esmHistorical",2.13962190474073
1888,"heatflux","r3i1p1","MIROC-ESM","esmHistorical",2.10482203960419
1889,"heatflux","r3i1p1","MIROC-ESM","esmHistorical",1.95437040428321
1890,"heatflux","r3i1p1","MIROC-ESM","esmHistorical",1.15402301152547
1891,"heatflux","r3i1p1","MIROC-ESM","esmHistorical",2.22691116233667
1892,"heatflux","r3i1p1","MIROC-ESM","esmHistorical",1.70616153875987
1893,"heatflux","r3i1p1","MIROC-ESM","esmHistorical",2.10061304271221
1894,"heatflux","r3i1p1","MIROC-ESM","esmHistorical",1.92029491066933
1895,"heatflux","r3i1p1","MIROC-ESM","esmHistorical",2.43745213747025
1896,"heatflux","r3i1p1","MIROC-ESM","esmHistorical",1.72461545467377
1897,"heatflux","r3i1p1","MIROC-ESM","esmHistorical",1.44511757294337
1898,"heatflux","r3i1p1","MIROC-ESM","esmHistorical",1.73530036211014
1899,"heatflux","r3i1p1","MIROC-ESM","esmHistorical",1.97875529527664
1900,"heatflux","r3i1p1","MIROC-ESM","esmHistorical",2.22597761948903
1901,"heatflux","r3i1p1","MIROC-ESM","esmHistorical",1.49261565009753
1902,"heatflux","r3i1p1","MIROC-ESM","esmHistorical",1.35226527849833
1903,"heatflux","r3i1p1","MIROC-ESM","esmHistorical",1.48410844306151
1904,"heatflux","r3i1p1","MIROC-ESM","esmHistorical",1.91051625708739
1905,"heatflux","r3i1p1","MIROC-ESM","esmHistorical",2.19414778053761
1906,"heatflux","r3i1p1","MIROC-ESM","esmHistorical",2.19225631157557
1907,"heatflux","r3i1p1","MIROC-ESM","esmHistorical",2.29660601913929
1908,"heatflux","r3i1p1","MIROC-ESM","esmHistorical",1.82663160562515
1909,"heatflux","r3i1p1","MIROC-ESM","esmHistorical",1.73501561085383
1910,"heatflux","r3i1p1","MIROC-ESM","esmHistorical",2.18034212291241
1911,"heatflux","r3i1p1","MIROC-ESM","esmHistorical",2.05169723431269
1912,"heatflux","r3i1p1","MIROC-ESM","esmHistorical",1.86674416561921
1913,"heatflux","r3i1p1","MIROC-ESM","esmHistorical",2.24245554208755
1914,"heatflux","r3i1p1","MIROC-ESM","esmHistorical",1.99473603566488
1915,"heatflux","r3i1p1","MIROC-ESM","esmHistorical",2.63893400132656
1916,"heatflux","r3i1p1","MIROC-ESM","esmHistorical",1.5617059469223
1917,"heatflux","r3i1p1","MIROC-ESM","esmHistorical",2.10202972094218
1918,"heatflux","r3i1p1","MIROC-ESM","esmHistorical",2.61209986607234
1919,"heatflux","r3i1p1","MIROC-ESM","esmHistorical",2.20642737547557
1920,"heatflux","r3i1p1","MIROC-ESM","esmHistorical",1.45916899045308
1921,"heatflux","r3i1p1","MIROC-ESM","esmHistorical",2.31021405259768
1922,"heatflux","r3i1p1","MIROC-ESM","esmHistorical",2.11065206925074
1923,"heatflux","r3i1p1","MIROC-ESM","esmHistorical",2.27913055817286
1924,"heatflux","r3i1p1","MIROC-ESM","esmHistorical",1.75262110431989
1925,"heatflux","r3i1p1","MIROC-ESM","esmHistorical",1.98439667622248
1926,"heatflux","r3i1p1","MIROC-ESM","esmHistorical",2.76081514358521
1927,"heatflux","r3i1p1","MIROC-ESM","esmHistorical",2.12639231979847
1928,"heatflux","r3i1p1","MIROC-ESM","esmHistorical",1.93834549188614
1929,"heatflux","r3i1p1","MIROC-ESM","esmHistorical",2.1411301891009
1930,"heatflux","r3i1p1","MIROC-ESM","esmHistorical",1.43795618414879
1931,"heatflux","r3i1p1","MIROC-ESM","esmHistorical",1.74648327628771
1932,"heatflux","r3i1p1","MIROC-ESM","esmHistorical",2.47999447584152
1933,"heatflux","r3i1p1","MIROC-ESM","esmHistorical",2.00473550955454
1934,"heatflux","r3i1p1","MIROC-ESM","esmHistorical",1.70802128314972
1935,"heatflux","r3i1p1","MIROC-ESM","esmHistorical",2.32507880528768
1936,"heatflux","r3i1p1","MIROC-ESM","esmHistorical",2.02915651599566
1937,"heatflux","r3i1p1","MIROC-ESM","esmHistorical",2.08898811042309
1938,"heatflux","r3i1p1","MIROC-ESM","esmHistorical",2.51304149627686
1939,"heatflux","r3i1p1","MIROC-ESM","esmHistorical",2.38910785317421
1940,"heatflux","r3i1p1","MIROC-ESM","esmHistorical",2.03260183334351
1941,"heatflux","r3i1p1","MIROC-ESM","esmHistorical",1.97783958911896
1942,"heatflux","r3i1p1","MIROC-ESM","esmHistorical",2.28137902418772
1943,"heatflux","r3i1p1","MIROC-ESM","esmHistorical",2.03249196211497
1944,"heatflux","r3i1p1","MIROC-ESM","esmHistorical",2.12889079252879
1945,"heatflux","r3i1p1","MIROC-ESM","esmHistorical",2.60570807258288
1946,"heatflux","r3i1p1","MIROC-ESM","esmHistorical",2.33653570214907
1947,"heatflux","r3i1p1","MIROC-ESM","esmHistorical",2.55753442893426
1948,"heatflux","r3i1p1","MIROC-ESM","esmHistorical",1.9864494005839
1949,"heatflux","r3i1p1","MIROC-ESM","esmHistorical",2.72888789574305
1950,"heatflux","r3i1p1","MIROC-ESM","esmHistorical",2.04937904079755
1951,"heatflux","r3i1p1","MIROC-ESM","esmHistorical",2.03153510888418
1952,"heatflux","r3i1p1","MIROC-ESM","esmHistorical",2.40265989303589
1953,"heatflux","r3i1p1","MIROC-ESM","esmHistorical",2.15040129423141
1954,"heatflux","r3i1p1","MIROC-ESM","esmHistorical",2.27683079242706
1955,"heatflux","r3i1p1","MIROC-ESM","esmHistorical",2.69030418992043
1956,"heatflux","r3i1p1","MIROC-ESM","esmHistorical",2.14848899841309
1957,"heatflux","r3i1p1","MIROC-ESM","esmHistorical",2.57670244077841
1958,"heatflux","r3i1p1","MIROC-ESM","esmHistorical",2.69368451709549
1959,"heatflux","r3i1p1","MIROC-ESM","esmHistorical",2.0795027812322
1960,"heatflux","r3i1p1","MIROC-ESM","esmHistorical",2.02380396922429
1961,"heatflux","r3i1p1","MIROC-ESM","esmHistorical",2.53060899178187
1962,"heatflux","r3i1p1","MIROC-ESM","esmHistorical",2.32696052392324
1963,"heatflux","r3i1p1","MIROC-ESM","esmHistorical",1.06317263841629
1964,"heatflux","r3i1p1","MIROC-ESM","esmHistorical",0.738319238026937
1965,"heatflux","r3i1p1","MIROC-ESM","esmHistorical",1.72935695449511
1966,"heatflux","r3i1p1","MIROC-ESM","esmHistorical",2.2892075975736
1967,"heatflux","r3i1p1","MIROC-ESM","esmHistorical",2.30842212835948
1968,"heatflux","r3i1p1","MIROC-ESM","esmHistorical",1.87894102931023
1969,"heatflux","r3i1p1","MIROC-ESM","esmHistorical",1.78220738594731
1970,"heatflux","r3i1p1","MIROC-ESM","esmHistorical",2.30353337526321
1971,"heatflux","r3i1p1","MIROC-ESM","esmHistorical",2.39437657097975
1972,"heatflux","r3i1p1","MIROC-ESM","esmHistorical",1.86869790156682
1973,"heatflux","r3i1p1","MIROC-ESM","esmHistorical",2.16901433467865
1974,"heatflux","r3i1p1","MIROC-ESM","esmHistorical",2.14028513431549
1975,"heatflux","r3i1p1","MIROC-ESM","esmHistorical",1.80661152799924
1976,"heatflux","r3i1p1","MIROC-ESM","esmHistorical",2.34531456232071
1977,"heatflux","r3i1p1","MIROC-ESM","esmHistorical",2.60162186125914
1978,"heatflux","r3i1p1","MIROC-ESM","esmHistorical",2.70360815276702
1979,"heatflux","r3i1p1","MIROC-ESM","esmHistorical",2.77564561118682
1980,"heatflux","r3i1p1","MIROC-ESM","esmHistorical",3.18914707998435
1981,"heatflux","r3i1p1","MIROC-ESM","esmHistorical",1.93117833137512
1982,"heatflux","r3i1p1","MIROC-ESM","esmHistorical",1.495767613252
1983,"heatflux","r3i1p1","MIROC-ESM","esmHistorical",1.66495176156362
1984,"heatflux","r3i1p1","MIROC-ESM","esmHistorical",2.11150326331457
1985,"heatflux","r3i1p1","MIROC-ESM","esmHistorical",2.4730386286974
1986,"heatflux","r3i1p1","MIROC-ESM","esmHistorical",2.27181162436803
1987,"heatflux","r3i1p1","MIROC-ESM","esmHistorical",2.4017732044061
1988,"heatflux","r3i1p1","MIROC-ESM","esmHistorical",2.32376804947853
1989,"heatflux","r3i1p1","MIROC-ESM","esmHistorical",2.49115629990896
1990,"heatflux","r3i1p1","MIROC-ESM","esmHistorical",2.23694070180257
1991,"heatflux","r3i1p1","MIROC-ESM","esmHistorical",2.37744182348251
1992,"heatflux","r3i1p1","MIROC-ESM","esmHistorical",0.767225384712219
1993,"heatflux","r3i1p1","MIROC-ESM","esmHistorical",2.25130156675975
1994,"heatflux","r3i1p1","MIROC-ESM","esmHistorical",2.47493994235992
1995,"heatflux","r3i1p1","MIROC-ESM","esmHistorical",2.43555381894112
1996,"heatflux","r3i1p1","MIROC-ESM","esmHistorical",2.92607601483663
1997,"heatflux","r3i1p1","MIROC-ESM","esmHistorical",3.23842665739357
1998,"heatflux","r3i1p1","MIROC-ESM","esmHistorical",3.07239878177643
1999,"heatflux","r3i1p1","MIROC-ESM","esmHistorical",2.87375561396281
2000,"heatflux","r3i1p1","MIROC-ESM","esmHistorical",2.59007700284322
2001,"heatflux","r3i1p1","MIROC-ESM","esmHistorical",3.10409200191498
2002,"heatflux","r3i1p1","MIROC-ESM","esmHistorical",2.94665787617366
2003,"heatflux","r3i1p1","MIROC-ESM","esmHistorical",3.11792291204135
2004,"heatflux","r3i1p1","MIROC-ESM","esmHistorical",3.22011772791545
2005,"heatflux","r3i1p1","MIROC-ESM","esmHistorical",3.19169308741887
